userTeamNumber,matchNumber,competitionCode,teamNumber,AutoFuel,AutoPass,AutoBump,AutoTrench,AutoClimb,TeleopFuel,TeleopPass,TeleopBump,TeleopTrench,EndgameLevel,EndgamePosition,shift1Passing,shift1Defense,shift1Scoring,shift1Cycling,shift2Passing,shift2Defense,shift2Scoring,shift2Cycling,shift3Passing,shift3Defense,shift3Scoring,shift3Cycling,shift4Passing,shift4Defense,shift4Scoring,shift4Cycling,endgamePassing,endgameDefense,endgameScoring,endgameCycling,comments,Match Order
"[""5066""",qm1,2026micmp3,70,0,0,1,0,0,100,12,0,2,0,0,0,0,0,0,0,0,0,0,0,0,0,0,0,0,0,0,0,0,0,0,Hi],1
"[""5066""",qm1,2026micmp3,7188,4,0,0,0,0,32,0,0,0,0,0,0,0,0,0,0,0,0,0,0,0,0,0,0,0,0,0,0,0,0,0,0],1
"[""5066""",qm1,2026micmp3,4967,10,0,0,0,0,63,40,0,0,0,0,0,0,0,0,0,0,0,0,0,0,0,0,0,0,0,0,0,0,0,0,,1
"[""5066""",qm1,2026micmp3,6637,20,0,0,0,0,22,0,0,0,0,0,0,0,0,0,0,0,0,0,0,0,0,0,0,0,0,0,0,0,0,0,Shooter or something broke dintele op so they couldn't shoot but when they weren't they were goo,1
"[""5066""",qm1,2026micmp3,8612,20,0,0,1,0,112,45,0,0,1,0,0,0,0,0,0,0,0,0,0,0,0,0,0,0,0,0,0,0,0,0,Failed climb,1
"[""5066""",qm2,2026micmp3,288,15,0,0,0,0,81,0,0,0,0,0,0,0,0,0,0,0,0,0,0,0,0,0,0,0,0,0,0,0,0,0,0],2
"[""5066""",qm2,2026micmp3,5843,17,0,2,0,0,50,15,3,0,0,0,0,0,0,0,0,0,0,0,0,0,0,0,0,0,0,0,0,0,0,0,Hi],2
"[""5066""",qm2,2026micmp3,5712,25,0,0,0,0,20,69,8,0,0,0,0,0,0,0,0,0,0,0,0,0,0,0,0,0,0,0,0,0,0,0,,2
"[""5066""",qm2,2026micmp3,2137,45,0,0,0,0,205,0,0,0,0,0,0,0,0,0,0,0,0,0,0,0,0,0,0,0,0,0,0,0,0,0,,2
"[""5066""",qm3,2026micmp3,33,0,0,0,0,0,190,0,0,0,0,0,0,0,0,0,0,0,0,0,0,0,0,0,0,0,0,0,0,0,0,0,0],3
"[""5066""",qm3,2026micmp3,4956,7,0,0,0,0,41,0,2,5,0,0,0,0,0,0,0,0,0,0,0,0,0,0,0,0,0,0,0,0,0,0,Hi],3
"[""5066""",qm3,2026micmp3,5066,8,0,0,2,0,94,0,2,6,0,0,0,0,0,0,0,0,0,0,0,0,0,0,0,0,0,0,0,0,0,0,0],3
"[""5066""",qm3,2026micmp3,818,10,0,0,0,0,44,30,0,0,1,2,0,0,0,0,0,0,0,0,0,0,0,0,0,0,0,0,0,0,0,0,0],3
"[""5066""",qm3,2026micmp3,7054,25,0,0,0,0,80,0,0,0,0,0,0,0,0,0,0,0,0,0,0,0,0,0,0,0,0,0,0,0,0,0,0],3
"[""5066""",qm4,2026micmp3,1481,0,0,0,0,0,48,0,5,0,0,0,0,0,0,0,0,0,0,0,0,0,0,0,0,0,0,0,0,0,0,0,Something broke at the end ],4
"[""5066""",qm4,2026micmp3,3452,2,0,0,0,0,60,0,2,1,1,3,0,0,0,0,0,0,0,0,0,0,0,0,0,0,0,0,0,0,0,0,Attempted auto hang],4
"[""5066""",qm4,2026micmp3,3322,15,0,0,0,0,0,0,0,0,0,0,0,0,0,0,0,0,0,0,0,0,0,0,0,0,0,0,0,0,0,0,0],4
"[""5066""",qm4,2026micmp3,6152,18,0,1,1,0,128,0,3,4,0,0,0,0,0,0,0,0,0,0,0,0,0,0,0,0,0,0,0,0,0,0,0],4
"[""5066""",qm4,2026micmp3,5675,25,0,1,1,0,78,35,5,5,0,0,0,0,0,0,0,0,0,0,0,0,0,0,0,0,0,0,0,0,0,0,0],4
"[""548""",qm4,2026micmp3,894,8,0,0,0,0,54,0,8,0,0,0,0,0,0,0,0,0,0,0,0,0,0,0,0,0,0,0,0,0,0,0,0],4
"[""5066""",qm5,2026micmp3,2851,0,0,0,0,0,80,65,0,0,0,0,0,0,0,0,0,0,0,0,0,0,0,0,0,0,0,0,0,0,0,0,Stuck on trench],5
"[""5066""",qm5,2026micmp3,4810,6,0,0,2,0,75,10,0,0,0,0,0,0,0,0,0,0,0,0,0,0,0,0,0,0,0,0,0,0,0,0,0],5
"[""5066""",qm5,2026micmp3,1718,8,0,0,0,0,6,0,0,0,0,0,0,0,0,0,0,0,0,0,0,0,0,0,0,0,0,0,0,0,0,0,0],5
"[""5066""",qm5,2026micmp3,5086,10,0,0,0,0,85,10,0,4,0,0,0,0,0,0,0,0,0,0,0,0,0,0,0,0,0,0,0,0,0,0,0],5
"[""5066""",qm5,2026micmp3,2960,25,0,2,1,0,148,0,0,0,0,0,0,0,0,0,0,0,0,0,0,0,0,0,0,0,0,0,0,0,0,0,Intake broken],5
"[""5066""",qm5,2026micmp3,7056,30,0,0,1,0,87,15,0,3,0,0,0,0,0,0,0,0,0,0,0,0,0,0,0,0,0,0,0,0,0,0,Attempted auto hang],5
"[""5066""",qm6,2026micmp3,4779,0,0,0,1,0,79,15,0,0,0,0,0,0,0,0,0,0,0,0,0,0,0,0,0,0,0,0,0,0,0,0,Auto surffs],6
"[""5066""",qm6,2026micmp3,8373,5,0,0,0,0,78,10,1,0,0,0,0,0,0,0,0,0,0,0,0,0,0,0,0,0,0,0,0,0,0,0,0],6
"[""5066""",qm6,2026micmp3,8280,5,0,1,1,0,111,12,8,3,0,0,0,0,0,0,0,0,0,0,0,0,0,0,0,0,0,0,0,0,0,0,0],6
"[""5066""",qm6,2026micmp3,3618,8,0,0,0,0,40,0,0,0,0,0,0,0,0,0,0,0,0,0,0,0,0,0,0,0,0,0,0,0,0,0,0,6
"[""5066""",qm6,2026micmp3,68,21,0,0,1,0,193,20,0,4,0,0,0,0,0,0,0,0,0,0,0,0,0,0,0,0,0,0,0,0,0,0,0],6
"[""5066""",qm7,2026micmp3,8397,0,0,0,0,0,6,20,0,4,0,0,0,0,0,0,0,0,0,0,0,0,0,0,0,0,0,0,0,0,0,0,0,7
"[""5066""",qm7,2026micmp3,5229,0,8,0,0,0,82,0,5,0,0,0,0,0,0,0,0,0,0,0,0,0,0,0,0,0,0,0,0,0,0,0,0,7
"[""5066""",qm7,2026micmp3,818,13,0,0,0,1,0,0,1,6,1,3,0,0,0,0,0,0,0,0,0,0,0,0,0,0,0,0,0,0,0,0,Shooter gone ],7
"[""5066""",qm7,2026micmp3,548,30,0,2,0,0,117,49,6,0,0,0,0,0,0,0,0,0,0,0,0,0,0,0,0,0,0,0,0,0,0,0,0],7
"[""5066""",qm7,2026micmp3,4391,35,0,1,3,0,158,50,1,3,0,0,0,0,0,0,0,0,0,0,0,0,0,0,0,0,0,0,0,0,0,0,0,7
"[""5066""",qm7,2026micmp3,2337,40,0,0,0,0,25,0,0,0,0,0,0,0,0,0,0,0,0,0,0,0,0,0,0,0,0,0,0,0,0,0,Doing well then went broken],7
"[""5066""",qm8,2026micmp3,3322,115,0,0,2,0,10,55,1,1,0,0,0,0,0,0,0,0,0,0,0,0,0,0,0,0,0,0,0,0,0,0,0,8
"[""5066""",qm8,2026micmp3,7188,3,0,0,0,0,40,0,0,0,0,0,0,0,0,0,0,0,0,0,0,0,0,0,0,0,0,0,0,0,0,0,0,8
"[""5066""",qm8,2026micmp3,7054,17,0,0,0,0,0,1,1,0,0,0,0,0,0,0,0,0,0,0,0,0,0,0,0,0,0,0,0,0,0,0,Turret broken/fell off.],8
"[""5066""",qm8,2026micmp3,5712,20,0,0,2,0,155,0,0,2,0,0,0,0,0,0,0,0,0,0,0,0,0,0,0,0,0,0,0,0,0,0,0],8
"[""5066""",qm8,2026micmp3,910,22,0,0,0,1,77,44,1,2,0,0,0,0,0,0,0,0,0,0,0,0,0,0,0,0,0,0,0,0,0,0,0],8
"[""5066""",qm8,2026micmp3,4967,23,0,0,1,0,93,0,0,2,0,0,0,0,0,0,0,0,0,0,0,0,0,0,0,0,0,0,0,0,0,0,0,8
"[""5066""",qm9,2026micmp3,1711,0,0,0,0,0,0,30,3,6,0,0,0,0,0,0,0,0,0,0,0,0,0,0,0,0,0,0,0,0,0,0,Did not shoot mainly push balls],9
"[""5066""",qm9,2026micmp3,7056,20,0,0,0,0,65,0,0,0,0,0,0,0,0,0,0,0,0,0,0,0,0,0,0,0,0,0,0,0,0,0,Decent. I think the intake took damage with a minor break],9
"[""5066""",qm9,2026micmp3,123,20,0,0,0,1,37,0,1,7,1,3,0,0,0,0,0,0,0,0,0,0,0,0,0,0,0,0,0,0,0,0,Kind of sluggish.],9
"[""5066""",qm9,2026micmp3,6152,30,0,2,2,1,121,0,3,4,0,0,0,0,0,0,0,0,0,0,0,0,0,0,0,0,0,0,0,0,0,0,0],9
"[""5066""",qm9,2026micmp3,33,35,0,0,2,0,161,30,8,0,0,0,0,0,0,0,0,0,0,0,0,0,0,0,0,0,0,0,0,0,0,0,0],9
"[""5066""",qm9,2026micmp3,5086,40,0,0,1,0,117,0,0,0,0,0,0,0,0,0,0,0,0,0,0,0,0,0,0,0,0,0,0,0,0,0,0],9
"[""5066""",qm10,2026micmp3,1718,0,0,0,0,0,0,0,1,0,0,0,0,0,0,0,0,0,0,0,0,0,0,0,0,0,0,0,0,0,0,0,Shooter broken? Played okay defense; not recommended for designated D],10
"[""5066""",qm10,2026micmp3,8612,2,0,0,1,1,75,19,0,0,0,0,0,0,0,0,0,0,0,0,0,0,0,0,0,0,0,0,0,0,0,0,Malfunctioned in endgame],10
"[""5066""",qm10,2026micmp3,4956,5,0,0,0,0,10,0,0,0,0,0,0,0,0,0,0,0,0,0,0,0,0,0,0,0,0,0,0,0,0,0,Not good at all. Do not know how it made it to states],10
"[""5066""",qm10,2026micmp3,8373,20,0,1,1,0,90,30,6,7,0,0,0,0,0,0,0,0,0,0,0,0,0,0,0,0,0,0,0,0,0,0,0],10
"[""5066""",qm10,2026micmp3,4392,24,0,0,4,1,34,33,0,0,0,0,0,0,0,0,0,0,0,0,0,0,0,0,0,0,0,0,0,0,0,0,0],10
"[""5066""",qm10,2026micmp3,2960,25,0,2,2,0,68,0,3,2,0,0,0,0,0,0,0,0,0,0,0,0,0,0,0,0,0,0,0,0,0,0,Reluctant to go into middle/other side.],10
"[""5066""",qm11,2026micmp3,6637,7,10,0,0,0,80,40,0,0,0,0,0,0,0,0,0,0,0,0,0,0,0,0,0,0,0,0,0,0,0,0,Stuck on balls],11
"[""5066""",qm11,2026micmp3,70,10,0,0,0,0,57,0,1,3,0,0,0,0,0,0,0,0,0,0,0,0,0,0,0,0,0,0,0,0,0,0,Shooting is very innacurate.],11
"[""5066""",qm11,2026micmp3,5229,17,0,0,0,0,91,50,0,0,0,0,0,0,0,0,0,0,0,0,0,0,0,0,0,0,0,0,0,0,0,0,0],11
"[""5066""",qm11,2026micmp3,2337,48,0,0,4,0,71,2,0,4,0,0,0,0,0,0,0,0,0,0,0,0,0,0,0,0,0,0,0,0,0,0,Some sort of failure.],11
"[""5066""",qm11,2026micmp3,7166,70,0,0,4,0,290,80,0,2,0,0,0,0,0,0,0,0,0,0,0,0,0,0,0,0,0,0,0,0,0,0,0],11
"[""5066""",qm12,2026micmp3,4779,8,0,0,0,0,40,0,0,0,0,0,0,0,0,0,0,0,0,0,0,0,0,0,0,0,0,0,0,0,0,0,0],12
"[""5066""",qm12,2026micmp3,4810,10,0,0,4,0,39,20,0,1,0,0,0,0,0,0,0,0,0,0,0,0,0,0,0,0,0,0,0,0,0,0,0],12
"[""5066""",qm12,2026micmp3,8397,16,0,1,1,0,18,0,1,0,0,0,0,0,0,0,0,0,0,0,0,0,0,0,0,0,0,0,0,0,0,0,Broke down],12
"[""5066""",qm12,2026micmp3,5675,21,0,2,2,0,150,0,9,2,0,0,0,0,0,0,0,0,0,0,0,0,0,0,0,0,0,0,0,0,0,0,0],12
"[""5066""",qm12,2026micmp3,5843,25,0,2,0,0,143,13,4,0,0,0,0,0,0,0,0,0,0,0,0,0,0,0,0,0,0,0,0,0,0,0,0],12
"[""5066""",qm13,2026micmp3,894,0,0,0,0,1,115,0,0,6,0,0,0,0,0,0,0,0,0,0,0,0,0,0,0,0,0,0,0,0,0,0,0],13
"[""5066""",qm13,2026micmp3,288,0,0,0,0,0,110,80,0,0,0,0,0,0,0,0,0,0,0,0,0,0,0,0,0,0,0,0,0,0,0,0,Very good at passing large hopper capacity],13
"[""5066""",qm13,2026micmp3,4391,7,0,0,0,0,159,55,4,2,0,0,0,0,0,0,0,0,0,0,0,0,0,0,0,0,0,0,0,0,0,0,\n],13
"[""5066""",qm13,2026micmp3,68,20,0,0,0,0,47,0,0,0,0,0,0,0,0,0,0,0,0,0,0,0,0,0,0,0,0,0,0,0,0,0,0],13
"[""5066""",qm13,2026micmp3,2851,40,0,4,0,0,44,0,5,0,0,0,0,0,0,0,0,0,0,0,0,0,0,0,0,0,0,0,0,0,0,0,0],13
"[""548""",qm13,2026micmp3,5066,34,0,0,5,0,134,24,1,8,0,0,0,0,0,0,0,0,0,0,0,0,0,0,0,0,0,0,0,0,0,0,0],13
"[""5066""",qm14,2026micmp3,7054,10,0,0,0,0,28,0,3,0,0,0,0,0,0,0,0,0,0,0,0,0,0,0,0,0,0,0,0,0,0,0,0],14
"[""5066""",qm14,2026micmp3,3452,10,0,0,0,0,30,0,0,0,0,0,0,0,0,0,0,0,0,0,0,0,0,0,0,0,0,0,0,0,0,0,0],14
"[""5066""",qm14,2026micmp3,8280,20,0,0,0,0,140,0,0,0,0,0,0,0,0,0,0,0,0,0,0,0,0,0,0,0,0,0,0,0,0,0,0],14
"[""5066""",qm14,2026micmp3,6152,20,0,2,1,0,112,0,6,0,0,0,0,0,0,0,0,0,0,0,0,0,0,0,0,0,0,0,0,0,0,0,\n],14
"[""5066""",qm14,2026micmp3,548,45,0,0,0,0,102,0,5,0,0,0,0,0,0,0,0,0,0,0,0,0,0,0,0,0,0,0,0,0,0,0,0],14
"[""5066""",qm14,2026micmp3,2137,50,0,2,0,1,280,30,6,0,0,0,0,0,0,0,0,0,0,0,0,0,0,0,0,0,0,0,0,0,0,0,0],14
"[""5066""",qm15,2026micmp3,1481,0,0,1,0,0,95,0,6,0,0,0,0,0,0,0,0,0,0,0,0,0,0,0,0,0,0,0,0,0,0,0,Stuck on bump during auto],15
"[""5066""",qm15,2026micmp3,4956,0,0,0,0,0,5,0,0,0,0,0,0,0,0,0,0,0,0,0,0,0,0,0,0,0,0,0,0,0,0,0,Might be broken for this match],15
"[""5066""",qm15,2026micmp3,70,2,0,0,0,1,41,0,0,12,0,0,0,0,0,0,0,0,0,0,0,0,0,0,0,0,0,0,0,0,0,0,0],15
"[""5066""",qm15,2026micmp3,3322,15,0,0,0,0,63,0,0,0,0,0,0,0,0,0,0,0,0,0,0,0,0,0,0,0,0,0,0,0,0,0,0],15
"[""5066""",qm15,2026micmp3,5712,16,0,0,4,0,121,66,0,7,0,0,0,0,0,0,0,0,0,0,0,0,0,0,0,0,0,0,0,0,0,0,"Seems to not like the bump at all, even when being blocked]",15
"[""5066""",qm15,2026micmp3,33,30,0,0,0,0,145,35,0,0,0,0,0,0,0,0,0,0,0,0,0,0,0,0,0,0,0,0,0,0,0,0,0],15
"[""5066""",qm16,2026micmp3,3618,0,0,0,0,0,13,0,4,3,0,0,0,0,0,0,0,0,0,0,0,0,0,0,0,0,0,0,0,0,0,0,Setup failed; the turret had issues acquiring the target.],16
"[""5066""",qm16,2026micmp3,2960,0,0,0,0,0,161,0,0,0,0,0,0,0,0,0,0,0,0,0,0,0,0,0,0,0,0,0,0,0,0,0,No auton],16
"[""5066""",qm16,2026micmp3,123,10,5,0,0,0,0,0,0,0,0,0,0,0,0,0,0,0,0,0,0,0,0,0,0,0,0,0,0,0,0,0,Failed auto climb. Played defense most of the match. Below average for this competition],16
"[""5066""",qm16,2026micmp3,5229,16,1,6,0,0,85,19,6,0,0,0,0,0,0,0,0,0,0,0,0,0,0,0,0,0,0,0,0,0,0,0,Surf],16
"[""5066""",qm16,2026micmp3,8373,22,0,1,0,0,116,17,1,0,0,0,0,0,0,0,0,0,0,0,0,0,0,0,0,0,0,0,0,0,0,0,0],16
"[""5066""",qm17,2026micmp3,8612,15,0,0,0,1,85,0,0,0,0,0,0,0,0,0,0,0,0,0,0,0,0,0,0,0,0,0,0,0,0,0,0],17
"[""5066""",qm17,2026micmp3,7056,20,0,0,0,0,50,0,0,0,0,0,0,0,0,0,0,0,0,0,0,0,0,0,0,0,0,0,0,0,0,0,Average to slightly below average. Similar to our bot but worse],17
"[""5066""",qm17,2026micmp3,4391,24,0,0,2,0,129,0,6,2,0,0,0,0,0,0,0,0,0,0,0,0,0,0,0,0,0,0,0,0,0,0,0],17
"[""5066""",qm17,2026micmp3,5066,54,0,1,1,0,70,15,0,0,0,0,0,0,0,0,0,0,0,0,0,0,0,0,0,0,0,0,0,0,0,0,Accurate and fast\n],17
"[""5066""",qm17,2026micmp3,2337,99,10,0,4,0,201,0,0,0,0,0,0,0,0,0,0,0,0,0,0,0,0,0,0,0,0,0,0,0,0,0,0],17
"[""5066""",qm18,2026micmp3,894,0,0,1,0,0,54,0,4,4,0,0,0,0,0,0,0,0,0,0,0,0,0,0,0,0,0,0,0,0,0,0,0],18
"[""5066""",qm18,2026micmp3,68,28,0,0,2,0,140,15,0,0,0,0,0,0,0,0,0,0,0,0,0,0,0,0,0,0,0,0,0,0,0,0,0],18
"[""5066""",qm18,2026micmp3,4392,30,0,0,0,0,0,0,0,0,0,0,0,0,0,0,0,0,0,0,0,0,0,0,0,0,0,0,0,0,0,0,Started off well and then started playing defense most. Did not see what went wrong ],18
"[""5066""",qm18,2026micmp3,5086,37,0,0,1,1,109,0,1,3,0,0,0,0,0,0,0,0,0,0,0,0,0,0,0,0,0,0,0,0,0,0,0],18
"[""5066""",qm18,2026micmp3,2137,45,0,2,0,0,113,7,7,0,0,0,0,0,0,0,0,0,0,0,0,0,0,0,0,0,0,0,0,0,0,0,0],18
"[""5066""",qm18,2026micmp3,7166,50,0,0,0,0,145,20,0,0,0,0,0,0,0,0,0,0,0,0,0,0,0,0,0,0,0,0,0,0,0,0,Super accurate and fast],18
"[""5066""",qm19,2026micmp3,910,0,0,0,0,0,2,34,0,2,0,0,0,0,0,0,0,0,0,0,0,0,0,0,0,0,0,0,0,0,0,0,Played defense \nAuton did not function ],19
"[""5066""",qm19,2026micmp3,2851,5,0,3,0,0,102,10,6,0,0,0,0,0,0,0,0,0,0,0,0,0,0,0,0,0,0,0,0,0,0,0,0],19
"[""5066""",qm19,2026micmp3,5843,6,5,0,0,0,0,37,4,0,0,0,0,0,0,0,0,0,0,0,0,0,0,0,0,0,0,0,0,0,0,0,"Turret possibly malfunctioned, forcefully shot down.]",19
"[""5066""",qm19,2026micmp3,3452,8,0,0,0,1,0,0,0,0,0,0,0,0,0,0,0,0,0,0,0,0,0,0,0,0,0,0,0,0,0,0,Bad driving bad bot],19
"[""5066""",qm19,2026micmp3,4967,18,0,0,1,0,120,14,0,0,0,0,0,0,0,0,0,0,0,0,0,0,0,0,0,0,0,0,0,0,0,0,Accurate but not very fast],19
"[""5066""",qm19,2026micmp3,548,20,0,3,0,0,122,35,0,0,0,0,0,0,0,0,0,0,0,0,0,0,0,0,0,0,0,0,0,0,0,0,0],19
"[""5066""",qm20,2026micmp3,1711,0,0,0,0,0,0,0,2,2,0,0,0,0,0,0,0,0,0,0,0,0,0,0,0,0,0,0,0,0,0,0,"No auto , defense like crazy ]",20
"[""5066""",qm20,2026micmp3,288,3,0,0,0,0,111,0,0,0,0,0,0,0,0,0,0,0,0,0,0,0,0,0,0,0,0,0,0,0,0,0,0],20
"[""5066""",qm20,2026micmp3,4810,3,0,0,0,0,20,19,0,7,0,0,0,0,0,0,0,0,0,0,0,0,0,0,0,0,0,0,0,0,0,0,0],20
"[""5066""",qm20,2026micmp3,8280,10,0,0,2,0,56,20,1,3,0,0,0,0,0,0,0,0,0,0,0,0,0,0,0,0,0,0,0,0,0,0,0],20
"[""5066""",qm20,2026micmp3,7188,20,0,0,0,0,70,0,0,0,0,0,0,0,0,0,0,0,0,0,0,0,0,0,0,0,0,0,0,0,0,0,Average bot],20
"[""5066""",qm20,2026micmp3,818,22,0,0,1,0,80,0,0,0,0,0,0,0,0,0,0,0,0,0,0,0,0,0,0,0,0,0,0,0,0,0,Very fast and somewhat accurate ],20
"[""5066""",qm21,2026micmp3,4779,0,0,0,0,0,135,0,0,0,0,0,0,0,0,0,0,0,0,0,0,0,0,0,0,0,0,0,0,0,0,0,0],21
"[""5066""",qm21,2026micmp3,8397,5,0,0,0,0,0,0,0,0,0,0,0,0,0,0,0,0,0,0,0,0,0,0,0,0,0,0,0,0,0,0,"Poor defense, attempted auto climb and climb L1]",21
"[""5066""",qm21,2026micmp3,7054,7,0,0,0,0,65,0,0,0,0,0,0,0,0,0,0,0,0,0,0,0,0,0,0,0,0,0,0,0,0,0,0],21
"[""5066""",qm21,2026micmp3,8373,10,0,0,0,0,61,25,4,0,0,0,0,0,0,0,0,0,0,0,0,0,0,0,0,0,0,0,0,0,0,0,Very high fuel capacity and fast fire rate but low accuracy ],21
"[""5066""",qm21,2026micmp3,7056,10,0,0,2,0,100,15,0,6,0,0,0,0,0,0,0,0,0,0,0,0,0,0,0,0,0,0,0,0,0,0,0],21
"[""5066""",qm22,2026micmp3,2337,5,0,0,0,0,190,0,0,0,0,0,0,0,0,0,0,0,0,0,0,0,0,0,0,0,0,0,0,0,0,0,0],22
"[""5066""",qm22,2026micmp3,2960,5,0,0,0,0,130,0,5,5,0,0,0,0,0,0,0,0,0,0,0,0,0,0,0,0,0,0,0,0,0,0,0],22
"[""5066""",qm22,2026micmp3,68,15,0,0,0,0,123,0,3,4,0,0,0,0,0,0,0,0,0,0,0,0,0,0,0,0,0,0,0,0,0,0,0],22
"[""5066""",qm22,2026micmp3,5066,21,0,0,0,0,147,0,0,14,0,0,0,0,0,0,0,0,0,0,0,0,0,0,0,0,0,0,0,0,0,0,0],22
"[""5066""",qm22,2026micmp3,5712,25,0,0,4,0,95,30,0,4,0,0,0,0,0,0,0,0,0,0,0,0,0,0,0,0,0,0,0,0,0,0,0],22
"[""5066""",qm22,2026micmp3,5675,25,0,0,0,0,135,0,0,0,0,0,0,0,0,0,0,0,0,0,0,0,0,0,0,0,0,0,0,0,0,0,0],22
"[""5066""",qm23,2026micmp3,5843,4,0,0,0,0,76,34,0,0,0,0,0,0,0,0,0,0,0,0,0,0,0,0,0,0,0,0,0,0,0,0,Missed a LOT],23
"[""5066""",qm23,2026micmp3,4967,35,0,0,0,0,175,0,0,0,0,0,0,0,0,0,0,0,0,0,0,0,0,0,0,0,0,0,0,0,0,0,0],23
"[""5066""",qm23,2026micmp3,548,47,0,0,0,0,177,0,12,0,0,0,0,0,0,0,0,0,0,0,0,0,0,0,0,0,0,0,0,0,0,0,0],23
"[""5066""",qm23,2026micmp3,4391,60,0,1,3,0,30,20,1,8,0,0,0,0,0,0,0,0,0,0,0,0,0,0,0,0,0,0,0,0,0,0,0],23
"[""5066""",qm25,2026micmp3,1481,0,0,1,0,0,85,0,6,0,0,0,0,0,0,0,0,0,0,0,0,0,0,0,0,0,0,0,0,0,0,0,Got stuck on the balls for a few seconds],25
"[""5066""",qm25,2026micmp3,8612,8,0,1,1,0,23,0,3,3,0,0,0,0,0,0,0,0,0,0,0,0,0,0,0,0,0,0,0,0,0,0,0],25
"[""5066""",qm25,2026micmp3,4779,8,0,0,0,0,63,20,0,4,0,0,0,0,0,0,0,0,0,0,0,0,0,0,0,0,0,0,0,0,0,0,0],25
"[""5066""",qm25,2026micmp3,5229,10,0,0,0,0,55,10,0,0,0,0,0,0,0,0,0,0,0,0,0,0,0,0,0,0,0,0,0,0,0,0,0],25
"[""548""",qm25,2026micmp3,1481,0,0,0,0,0,102,20,6,0,0,0,0,0,0,0,0,0,0,0,0,0,0,0,0,0,0,0,0,0,0,0,"I SAY SIDC UPU SAY SECEN, Six]",25
"[""548""",qm25,2026micmp3,8612,5,0,0,1,0,27,0,3,0,0,0,0,0,0,0,0,0,0,0,0,0,0,0,0,0,0,0,0,0,0,0,Played defense an got penalties],25
"[""548""",qm25,2026micmp3,5229,8,0,0,0,0,85,50,1,0,0,0,0,0,0,0,0,0,0,0,0,0,0,0,0,0,0,0,0,0,0,0,0],25
"[""548""",qm25,2026micmp3,8612,12,0,0,4,0,33,0,2,6,0,0,0,0,0,0,0,0,0,0,0,0,0,0,0,0,0,0,0,0,0,0,0],25
"[""548""",qm25,2026micmp3,6152,14,0,1,1,0,65,0,2,1,0,0,0,0,0,0,0,0,0,0,0,0,0,0,0,0,0,0,0,0,0,0,0],25
"[""548""",qm25,2026micmp3,4779,14,0,0,0,0,109,30,0,4,0,0,0,0,0,0,0,0,0,0,0,0,0,0,0,0,0,0,0,0,0,0,0],25
"[""548""",qm25,2026micmp3,6637,21,0,0,3,0,164,0,0,5,0,0,0,0,0,0,0,0,0,0,0,0,0,0,0,0,0,0,0,0,0,0,0],25
"[""5066""",qm26,2026micmp3,3618,0,0,0,1,0,0,0,0,4,1,3,0,0,0,0,0,0,0,0,0,0,0,0,0,0,0,0,0,0,0,0,No real auton],26
"[""5066""",qm26,2026micmp3,1711,0,0,0,0,0,0,0,0,0,0,0,0,0,0,0,0,0,0,0,0,0,0,0,0,0,0,0,0,0,0,0,Seems to have a broken shooter; played good defense],26
"[""5066""",qm26,2026micmp3,3452,8,0,0,0,0,54,0,1,0,0,0,0,0,0,0,0,0,0,0,0,0,0,0,0,0,0,0,0,0,0,0,0],26
"[""5066""",qm26,2026micmp3,910,15,0,0,1,0,79,47,1,4,0,0,0,0,0,0,0,0,0,0,0,0,0,0,0,0,0,0,0,0,0,0,"Got caught on trench in Auton, stuck on the balls in endgame]",26
"[""5066""",qm26,2026micmp3,2851,30,0,3,0,0,52,0,5,0,0,0,0,0,0,0,0,0,0,0,0,0,0,0,0,0,0,0,0,0,0,0,0],26
"[""5066""",qm26,2026micmp3,70,30,0,1,0,0,102,0,1,0,0,0,0,0,0,0,0,0,0,0,0,0,0,0,0,0,0,0,0,0,0,0,Very accurate and decently fast],26
"[""5066""",qm26,2026micmp3,70,42,0,2,0,0,119,0,2,6,0,0,0,0,0,0,0,0,0,0,0,0,0,0,0,0,0,0,0,0,0,0,0],26
"[""548""",qm26,2026micmp3,3618,0,0,0,1,0,1,0,1,1,1,2,0,0,0,0,0,0,0,0,0,0,0,0,0,0,0,0,0,0,0,0,0],26
"[""548""",qm26,2026micmp3,1711,4,0,0,0,0,1,0,0,0,0,0,0,0,0,0,0,0,0,0,0,0,0,0,0,0,0,0,0,0,0,0,"Played defence, mo\nst of match\n]",26
"[""548""",qm26,2026micmp3,3452,6,0,0,0,0,47,0,2,6,0,0,0,0,0,0,0,0,0,0,0,0,0,0,0,0,0,0,0,0,0,0,0],26
"[""548""",qm26,2026micmp3,910,11,0,0,2,0,90,40,3,5,0,0,0,0,0,0,0,0,0,0,0,0,0,0,0,0,0,0,0,0,0,0,0],26
"[""548""",qm26,2026micmp3,2851,14,0,2,0,0,67,0,1,0,0,0,0,0,0,0,0,0,0,0,0,0,0,0,0,0,0,0,0,0,0,0,0],26
"[""5066""",qm27,2026micmp3,8280,0,0,1,0,0,73,0,0,1,0,0,0,0,0,0,0,0,0,0,0,0,0,0,0,0,0,0,0,0,0,0,Pretty fast and accurate ],27
"[""5066""",qm27,2026micmp3,4956,0,0,0,0,0,45,0,0,0,0,0,0,0,0,0,0,0,0,0,0,0,0,0,0,0,0,0,0,0,0,0,],27
"[""5066""",qm27,2026micmp3,8280,0,0,1,0,0,125,45,5,1,0,0,0,0,0,0,0,0,0,0,0,0,0,0,0,0,0,0,0,0,0,0,0],27
"[""5066""",qm27,2026micmp3,8397,5,0,0,0,0,27,0,0,9,0,0,0,0,0,0,0,0,0,0,0,0,0,0,0,0,0,0,0,0,0,0,0],27
"[""5066""",qm27,2026micmp3,3322,20,0,0,2,0,60,0,0,4,0,0,0,0,0,0,0,0,0,0,0,0,0,0,0,0,0,0,0,0,0,0,0],27
"[""5066""",qm27,2026micmp3,818,22,0,0,1,1,54,0,0,5,1,3,0,0,0,0,0,0,0,0,0,0,0,0,0,0,0,0,0,0,0,0,0],27
"[""5066""",qm27,2026micmp3,2137,32,0,2,0,0,229,38,1,0,0,0,0,0,0,0,0,0,0,0,0,0,0,0,0,0,0,0,0,0,0,0,0],27
"[""548""",qm27,2026micmp3,8397,0,0,0,0,0,14,0,0,9,0,0,0,0,0,0,0,0,0,0,0,0,0,0,0,0,0,0,0,0,0,0,6777777777777],27
"[""548""",qm27,2026micmp3,8280,0,0,1,0,0,85,15,2,1,0,0,0,0,0,0,0,0,0,0,0,0,0,0,0,0,0,0,0,0,0,0,Battery browned out],27
"[""548""",qm27,2026micmp3,4956,0,0,0,0,0,24,0,3,6,0,0,0,0,0,0,0,0,0,0,0,0,0,0,0,0,0,0,0,0,0,0,0],27
"[""548""",qm27,2026micmp3,3322,25,0,0,1,0,86,0,1,1,0,0,0,0,0,0,0,0,0,0,0,0,0,0,0,0,0,0,0,0,0,0,I scouted the last match so bad bro I»m sorry],27
"[""548""",qm27,2026micmp3,2137,40,0,2,0,0,209,30,6,0,0,0,0,0,0,0,0,0,0,0,0,0,0,0,0,0,0,0,0,0,0,0,0],27
"[""548""",qm27,2026micmp3,818,65,0,1,1,0,129,0,0,0,0,0,0,0,0,0,0,0,0,0,0,0,0,0,0,0,0,0,0,0,0,0,0],27
"[""5066""",qm28,2026micmp3,4967,0,0,0,0,0,111,22,0,0,0,0,0,0,0,0,0,0,0,0,0,0,0,0,0,0,0,0,0,0,0,0,0],28
"[""5066""",qm28,2026micmp3,8373,0,0,0,1,0,165,35,3,2,0,0,0,0,0,0,0,0,0,0,0,0,0,0,0,0,0,0,0,0,0,0,Got stuck on the balls at one point],28
"[""5066""",qm28,2026micmp3,4810,4,0,0,0,0,8,25,0,6,0,0,0,0,0,0,0,0,0,0,0,0,0,0,0,0,0,0,0,0,0,0,0],28
"[""5066""",qm28,2026micmp3,2337,10,0,0,2,0,110,0,0,2,0,0,0,0,0,0,0,0,0,0,0,0,0,0,0,0,0,0,0,0,0,0,0],28
"[""5066""",qm28,2026micmp3,123,11,0,0,0,1,4,0,1,2,1,2,0,0,0,0,0,0,0,0,0,0,0,0,0,0,0,0,0,0,0,0,0],28
"[""5066""",qm28,2026micmp3,33,33,0,1,0,0,150,15,1,0,0,0,0,0,0,0,0,0,0,0,0,0,0,0,0,0,0,0,0,0,0,0,For the most part ver good but at the end their hopper fell apart],28
"[""548""",qm28,2026micmp3,8373,0,0,0,1,0,125,0,4,0,0,0,0,0,0,0,0,0,0,0,0,0,0,0,0,0,0,0,0,0,0,0,0],28
"[""548""",qm28,2026micmp3,4810,6,0,0,0,0,30,30,1,1,0,0,0,0,0,0,0,0,0,0,0,0,0,0,0,0,0,0,0,0,0,0,0],28
"[""548""",qm28,2026micmp3,4967,12,0,0,2,0,80,16,0,7,0,0,0,0,0,0,0,0,0,0,0,0,0,0,0,0,0,0,0,0,0,0,0],28
"[""548""",qm28,2026micmp3,2337,19,0,0,4,0,116,0,0,1,0,0,0,0,0,0,0,0,0,0,0,0,0,0,0,0,0,0,0,0,0,0,0],28
"[""548""",qm28,2026micmp3,123,21,0,0,0,0,11,22,0,6,1,0,0,0,0,0,0,0,0,0,0,0,0,0,0,0,0,0,0,0,0,0,0],28
"[""548""",qm28,2026micmp3,33,55,0,2,0,0,175,20,1,0,0,0,0,0,0,0,0,0,0,0,0,0,0,0,0,0,0,0,0,0,0,0,0],28
"[""5066""",qm29,2026micmp3,4392,30,0,0,8,0,20,70,0,5,0,0,0,0,0,0,0,0,0,0,0,0,0,0,0,0,0,0,0,0,0,0,"Got caught on fuel, missed a LOT]",29
"[""5066""",qm29,2026micmp3,6152,0,0,0,0,0,71,0,2,6,0,0,0,0,0,0,0,0,0,0,0,0,0,0,0,0,0,0,0,0,0,0,0],29
"[""5066""",qm29,2026micmp3,548,10,0,3,0,0,110,0,5,0,0,0,0,0,0,0,0,0,0,0,0,0,0,0,0,0,0,0,0,0,0,0,0],29
"[""5066""",qm29,2026micmp3,1718,11,0,0,0,0,0,0,3,2,0,0,0,0,0,0,0,0,0,0,0,0,0,0,0,0,0,0,0,0,0,0,Played defense\nTransfer appeared to be broken ],29
"[""5066""",qm29,2026micmp3,5712,23,0,1,1,0,90,0,1,1,0,0,0,0,0,0,0,0,0,0,0,0,0,0,0,0,0,0,0,0,0,0,Decently accurate and fast],29
"[""548""",qm29,2026micmp3,548,3,0,1,0,0,222,0,0,0,0,0,0,0,0,0,0,0,0,0,0,0,0,0,0,0,0,0,0,0,0,0,we»re goated],29
"[""548""",qm29,2026micmp3,1718,8,0,0,0,0,9,0,6,4,1,0,0,0,0,0,0,0,0,0,0,0,0,0,0,0,0,0,0,0,0,0,0],29
"[""548""",qm29,2026micmp3,68,12,0,0,2,0,58,30,0,0,0,0,0,0,0,0,0,0,0,0,0,0,0,0,0,0,0,0,0,0,0,0,0],29
"[""548""",qm29,2026micmp3,4392,15,0,0,3,0,7,55,0,4,0,0,0,0,0,0,0,0,0,0,0,0,0,0,0,0,0,0,0,0,0,0,0],29
"[""548""",qm29,2026micmp3,5712,54,0,0,1,0,140,20,0,0,0,0,0,0,0,0,0,0,0,0,0,0,0,0,0,0,0,0,0,0,0,0,0],29
"[""548""",qm29,2026micmp3,6152,60,0,0,0,0,0,0,1,1,0,0,0,0,0,0,0,0,0,0,0,0,0,0,0,0,0,0,0,0,0,0,0],29
"[""5066""",qm30,2026micmp3,2851,20,0,1,0,0,98,25,7,0,0,0,0,0,0,0,0,0,0,0,0,0,0,0,0,0,0,0,0,0,0,0,0],30
"[""5066""",qm30,2026micmp3,6637,0,0,0,1,0,82,0,1,1,0,0,0,0,0,0,0,0,0,0,0,0,0,0,0,0,0,0,0,0,0,0,Got stranded during auton],30
"[""5066""",qm30,2026micmp3,4779,5,0,0,0,0,101,18,0,2,0,0,0,0,0,0,0,0,0,0,0,0,0,0,0,0,0,0,0,0,0,0,0],30
"[""5066""",qm30,2026micmp3,288,8,0,0,0,0,0,10,2,0,0,0,0,0,0,0,0,0,0,0,0,0,0,0,0,0,0,0,0,0,0,0,Played defense ],30
"[""5066""",qm30,2026micmp3,894,18,0,0,3,0,56,0,0,10,0,0,0,0,0,0,0,0,0,0,0,0,0,0,0,0,0,0,0,0,0,0,0],30
"[""5066""",qm30,2026micmp3,70,22,0,0,0,0,59,0,0,0,0,0,0,0,0,0,0,0,0,0,0,0,0,0,0,0,0,0,0,0,0,0,0],30
"[""548""",qm30,2026micmp3,6637,0,0,0,0,0,96,0,1,1,0,0,0,0,0,0,0,0,0,0,0,0,0,0,0,0,0,0,0,0,0,0,0],30
"[""548""",qm30,2026micmp3,288,5,0,0,0,0,5,0,3,0,0,0,0,0,0,0,0,0,0,0,0,0,0,0,0,0,0,0,0,0,0,0,0],30
"[""548""",qm30,2026micmp3,4779,6,0,0,0,0,118,0,0,8,0,0,0,0,0,0,0,0,0,0,0,0,0,0,0,0,0,0,0,0,0,0,0],30
"[""548""",qm30,2026micmp3,70,44,0,2,0,0,43,0,1,2,0,0,0,0,0,0,0,0,0,0,0,0,0,0,0,0,0,0,0,0,0,0,Lost scoring momentum near the end\n],30
"[""5066""",qm31,2026micmp3,1711,0,0,0,0,0,15,0,3,0,0,0,0,0,0,0,0,0,0,0,0,0,0,0,0,0,0,0,0,0,0,0,Broke down ],31
"[""5066""",qm31,2026micmp3,5843,5,0,0,0,0,79,0,6,0,0,0,0,0,0,0,0,0,0,0,0,0,0,0,0,0,0,0,0,0,0,0,They did good on defense but lacked when shooting and on auton\n],31
"[""5066""",qm31,2026micmp3,8397,8,0,0,0,0,0,0,0,4,0,0,0,0,0,0,0,0,0,0,0,0,0,0,0,0,0,0,0,0,0,0,Intake got destroyed],31
"[""5066""",qm31,2026micmp3,3322,25,0,0,0,0,140,0,0,0,0,0,0,0,0,0,0,0,0,0,0,0,0,0,0,0,0,0,0,0,0,0,0],31
"[""5066""",qm31,2026micmp3,2960,40,0,0,0,0,60,15,0,0,0,0,0,0,0,0,0,0,0,0,0,0,0,0,0,0,0,0,0,0,0,0,Got blockedmost of match],31
"[""548""",qm31,2026micmp3,5843,0,0,0,0,0,87,0,3,0,0,0,0,0,0,0,0,0,0,0,0,0,0,0,0,0,0,0,0,0,0,0,0],31
"[""548""",qm31,2026mimp3,1711,0,0,0,0,0,12,0,1,0,0,0,0,0,0,0,0,0,0,0,0,0,0,0,0,0,0,0,0,0,0,0,0],31
"[""548""",qm31,2026micmp3,3322,0,0,0,2,0,0,0,0,0,0,0,0,0,0,0,0,0,0,0,0,0,0,0,0,0,0,0,0,0,0,0,Turret regression not working ],31
"[""548""",qm31,2026micmp3,8397,17,0,0,0,0,0,0,0,14,0,0,0,0,0,0,0,0,0,0,0,0,0,0,0,0,0,0,0,0,0,0,Intake broke for all of teleop],31
"[""548""",qm31,2026micmp3,2960,50,0,2,2,0,83,36,7,3,0,0,0,0,0,0,0,0,0,0,0,0,0,0,0,0,0,0,0,0,0,0,0],31
"[""548""",qm31,2026micmp3,7166,57,0,2,3,0,182,45,4,3,0,0,0,0,0,0,0,0,0,0,0,0,0,0,0,0,0,0,0,0,0,0,0],31
"[""5066""",qm32,2026micmp3,5229,5,0,0,0,0,115,31,6,0,0,0,0,0,0,0,0,0,0,0,0,0,0,0,0,0,0,0,0,0,0,0,Shooter seemed to struggle a bit at times but it worked],32
"[""5066""",qm32,2026micmp3,7056,7,0,0,2,0,0,0,0,0,0,0,0,0,0,0,0,0,0,0,0,0,0,0,0,0,0,0,0,0,0,0,0],32
"[""5066""",qm32,2026micmp3,8280,10,0,2,2,0,0,0,3,2,0,0,0,0,0,0,0,0,0,0,0,0,0,0,0,0,0,0,0,0,0,0,"My robot broke down and was unable to shoot, they attempted to play defense but didn»t do too well]",32
"[""5066""",qm32,2026micmp3,4956,15,0,0,0,0,75,0,0,0,0,0,0,0,0,0,0,0,0,0,0,0,0,0,0,0,0,0,0,0,0,0,0],32
"[""5066""",qm32,2026micmp3,5675,15,0,0,2,0,102,0,1,8,0,0,0,0,0,0,0,0,0,0,0,0,0,0,0,0,0,0,0,0,0,0,0],32
"[""5066""",qm32,2026micmp3,5086,35,0,0,2,0,166,0,0,6,0,0,0,0,0,0,0,0,0,0,0,0,0,0,0,0,0,0,0,0,0,0,0],32
"[""548""",qm32,2026micmp3,7056,3,0,0,2,0,36,0,2,3,0,0,0,0,0,0,0,0,0,0,0,0,0,0,0,0,0,0,0,0,0,0,0],32
"[""548""",qm32,2026micmp3,5229,5,0,0,0,0,77,20,3,0,0,0,0,0,0,0,0,0,0,0,0,0,0,0,0,0,0,0,0,0,0,0,0],32
"[""548""",qm32,2026micmp3,4956,8,0,0,0,0,53,0,4,0,0,0,0,0,0,0,0,0,0,0,0,0,0,0,0,0,0,0,0,0,0,0,0],32
"[""548""",qm32,2026micmp3,5675,18,0,2,0,0,106,23,6,2,0,0,0,0,0,0,0,0,0,0,0,0,0,0,0,0,0,0,0,0,0,0,0],32
"[""5066""",qm33,2026micmp3,4810,0,0,0,0,0,14,0,0,4,0,0,0,0,0,0,0,0,0,0,0,0,0,0,0,0,0,0,0,0,0,0,0],33
"[""5066""",qm33,2026micmp3,5066,0,0,0,2,0,77,0,0,6,0,0,0,0,0,0,0,0,0,0,0,0,0,0,0,0,0,0,0,0,0,0,0],33
"[""5066""",qm33,2026micmp3,910,8,0,0,2,0,59,40,0,3,0,0,0,0,0,0,0,0,0,0,0,0,0,0,0,0,0,0,0,0,0,0,Not the best auton but they put up a decent number],33
"[""5066""",qm33,2026micmp3,3618,8,0,0,0,0,0,0,0,0,0,0,0,0,0,0,0,0,0,0,0,0,0,0,0,0,0,0,0,0,0,0,Played defense],33
"[""5066""",qm33,2026micmp3,2137,35,0,1,0,0,110,0,1,0,0,0,0,0,0,0,0,0,0,0,0,0,0,0,0,0,0,0,0,0,0,0,Very accurate ],33
"[""548""",qm33,2026micmp3,910,0,0,0,0,0,75,40,0,4,0,0,0,0,0,0,0,0,0,0,0,0,0,0,0,0,0,0,0,0,0,0,0],33
"[""548""",qm33,2026micmp3,5066,2,0,0,2,0,87,0,0,0,0,0,0,0,0,0,0,0,0,0,0,0,0,0,0,0,0,0,0,0,0,0,0],33
"[""548""",qm33,2026micmp3,3618,15,0,1,1,0,15,0,0,0,0,0,0,0,0,0,0,0,0,0,0,0,0,0,0,0,0,0,0,0,0,0,0],33
"[""548""",qm33,2026micmp3,4391,19,0,2,0,0,129,0,2,0,0,0,0,0,0,0,0,0,0,0,0,0,0,0,0,0,0,0,0,0,0,0,0],33
"[""548""",qm33,2026micmp3,4810,30,0,0,0,0,8,0,0,10,0,0,0,0,0,0,0,0,0,0,0,0,0,0,0,0,0,0,0,0,0,0,Intake and controls looked weird ],33
"[""548""",qm33,2026micmp3,2137,55,0,0,2,0,234,77,6,0,0,0,0,0,0,0,0,0,0,0,0,0,0,0,0,0,0,0,0,0,0,0,0],33
"[""5066""",qm34,2026micmp3,1481,5,0,2,0,0,102,0,6,0,0,0,0,0,0,0,0,0,0,0,0,0,0,0,0,0,0,0,0,0,0,0,Whiffed a lot of shots ],34
"[""5066""",qm34,2026micmp3,123,8,0,0,0,0,53,0,0,0,0,0,0,0,0,0,0,0,0,0,0,0,0,0,0,0,0,0,0,0,0,0,0],34
"[""5066""",qm34,2026micmp3,3452,14,0,0,0,0,45,0,0,0,0,0,0,0,0,0,0,0,0,0,0,0,0,0,0,0,0,0,0,0,0,0,0],34
"[""5066""",qm34,2026micmp3,818,15,0,0,2,0,47,60,0,7,0,0,0,0,0,0,0,0,0,0,0,0,0,0,0,0,0,0,0,0,0,0,They have a mid auton but a great passing],34
"[""5066""",qm34,2026micmp3,7188,20,0,0,2,0,123,15,0,1,0,0,0,0,0,0,0,0,0,0,0,0,0,0,0,0,0,0,0,0,0,0,0],34
"[""5066""",qm34,2026micmp3,8612,20,0,0,0,0,40,0,0,0,1,0,0,0,0,0,0,0,0,0,0,0,0,0,0,0,0,0,0,0,0,0,0],34
"[""548""",qm34,2026micmp3,8612,0,0,0,0,0,93,0,2,12,1,1,0,0,0,0,0,0,0,0,0,0,0,0,0,0,0,0,0,0,0,0,0],34
"[""548""",qm34,2026micmp3,3452,4,0,0,2,0,86,0,4,4,0,0,0,0,0,0,0,0,0,0,0,0,0,0,0,0,0,0,0,0,0,0,0],34
"[""548""",qm34,2026micmp3,1481,8,0,2,0,0,66,0,3,0,0,0,0,0,0,0,0,0,0,0,0,0,0,0,0,0,0,0,0,0,0,0,0],34
"[""548""",qm34,2026micmp3,123,11,0,0,0,0,47,0,0,0,1,3,0,0,0,0,0,0,0,0,0,0,0,0,0,0,0,0,0,0,0,0,0],34
"[""548""",qm34,2026micmp3,818,15,0,0,2,0,67,15,0,6,0,0,0,0,0,0,0,0,0,0,0,0,0,0,0,0,0,0,0,0,0,0,6777777777],34
"[""548""",qm34,2026micmp3,7188,22,0,0,2,0,95,20,0,6,0,0,0,0,0,0,0,0,0,0,0,0,0,0,0,0,0,0,0,0,0,0,0],34
"[""5066""",qm35,2026micmp3,5843,0,0,0,0,0,117,0,0,0,0,0,0,0,0,0,0,0,0,0,0,0,0,0,0,0,0,0,0,0,0,0,0],35
"[""5066""",qm35,2026micmp3,7054,0,0,0,1,0,42,0,2,0,0,0,0,0,0,0,0,0,0,0,0,0,0,0,0,0,0,0,0,0,0,0,"Bad drivers, bad auton, and slow shooting, they are not very good]",35
"[""5066""",qm35,2026micmp3,6637,5,0,0,0,0,5,31,0,0,0,0,0,0,0,0,0,0,0,0,0,0,0,0,0,0,0,0,0,0,0,0,0],35
"[""5066""",qm35,2026micmp3,68,15,0,0,2,0,35,0,0,8,0,0,0,0,0,0,0,0,0,0,0,0,0,0,0,0,0,0,0,0,0,0,0],35
"[""5066""",qm35,2026micmp3,3322,22,0,0,2,0,105,73,0,4,0,0,0,0,0,0,0,0,0,0,0,0,0,0,0,0,0,0,0,0,0,0,0],35
"[""5066""",qm35,2026micmp3,2337,31,0,0,2,0,71,0,0,5,0,0,0,0,0,0,0,0,0,0,0,0,0,0,0,0,0,0,0,0,0,0,0],35
"[""548""",qm35,2026micmp3,6637,8,0,0,2,0,65,101,0,9,0,0,0,0,0,0,0,0,0,0,0,0,0,0,0,0,0,0,0,0,0,0,0],35
"[""548""",qm35,2026micmp3,68,10,0,0,1,0,69,30,5,6,0,0,0,0,0,0,0,0,0,0,0,0,0,0,0,0,0,0,0,0,0,0,0],35
"[""548""",qm35,2026micmp3,7054,15,0,1,0,0,87,0,1,6,0,0,0,0,0,0,0,0,0,0,0,0,0,0,0,0,0,0,0,0,0,0,0],35
"[""548""",qm35,2026micmp3,3322,15,0,0,0,0,67,20,2,0,0,0,0,0,0,0,0,0,0,0,0,0,0,0,0,0,0,0,0,0,0,0,0],35
"[""548""",qm35,2026micmp3,7054,20,0,0,0,0,96,37,6,0,0,0,0,0,0,0,0,0,0,0,0,0,0,0,0,0,0,0,0,0,0,0,0],35
"[""548""",qm35,2026micmp3,2337,23,0,0,2,1,71,25,0,5,0,0,0,0,0,0,0,0,0,0,0,0,0,0,0,0,0,0,0,0,0,0,0],35
"[""5066""",qm36,2026micmp3,4956,0,0,0,0,0,23,0,0,6,0,0,0,0,0,0,0,0,0,0,0,0,0,0,0,0,0,0,0,0,0,0,Shut down],36
"[""5066""",qm36,2026micmp3,7166,25,0,0,0,0,155,50,0,0,0,0,0,0,0,0,0,0,0,0,0,0,0,0,0,0,0,0,0,0,0,0,0],36
"[""5066""",qm36,2026micmp3,548,38,0,2,0,0,96,0,10,0,0,0,0,0,0,0,0,0,0,0,0,0,0,0,0,0,0,0,0,0,0,0,0],36
"[""5066""",qm36,2026micmp3,5675,5,0,0,0,0,54,0,2,1,0,0,0,0,0,0,0,0,0,0,0,0,0,0,0,0,0,0,0,0,0,0,0],36
"[""5066""",qm36,2026micmp3,2960,0,0,0,1,0,242,0,4,3,0,0,0,0,0,0,0,0,0,0,0,0,0,0,0,0,0,0,0,0,0,0,0],36
"[""5066""",qm36,2026micmp3,288,10,0,0,0,0,15,0,0,0,0,0,0,0,0,0,0,0,0,0,0,0,0,0,0,0,0,0,0,0,0,0,Not great],36
"[""548""",qm36,2026micmp3,2960,0,0,0,2,0,203,0,7,1,0,0,0,0,0,0,0,0,0,0,0,0,0,0,0,0,0,0,0,0,0,0,0],36
"[""548""",qm36,2026micmp3,288,5,0,0,0,0,103,35,8,0,0,0,0,0,0,0,0,0,0,0,0,0,0,0,0,0,0,0,0,0,0,0,0],36
"[""548""",qm36,2026micmp3,5675,6,0,0,0,0,21,0,1,2,0,0,0,0,0,0,0,0,0,0,0,0,0,0,0,0,0,0,0,0,0,0,0],36
"[""548""",qm36,2026micmp3,548,7,0,3,0,0,164,0,9,0,0,0,0,0,0,0,0,0,0,0,0,0,0,0,0,0,0,0,0,0,0,0,0],36
"[""548""",qm36,2026micmp3,7166,50,0,4,0,0,186,30,1,0,0,0,1,1,1,1,1,1,1,1,1,1,1,1,1,1,1,1,1,1,1,1,Got stuck for a cycle\nGot heavily defended \n\n],36
"[""5066""",qm37,2026micmp3,8280,20,0,0,0,0,20,0,0,0,0,0,0,0,0,0,0,0,0,0,0,0,0,0,0,0,0,0,0,0,0,0,Lost the bumper so they stopped early on],37
"[""5066""",qm37,2026micmp3,7056,4,0,0,2,0,100,7,0,4,0,0,0,0,0,0,0,0,0,0,0,0,0,0,0,0,0,0,0,0,0,0,0],37
"[""5066""",qm37,2026micmp3,8373,15,0,0,0,0,110,40,3,3,0,0,0,0,0,0,0,0,0,0,0,0,0,0,0,0,0,0,0,0,0,0,0],37
"[""5066""",qm37,2026micmp3,894,0,0,0,2,0,0,0,0,4,0,0,0,0,0,0,0,0,0,0,0,0,0,0,0,0,0,0,0,0,0,0,0],37
"[""5066""",qm37,2026micmp3,1711,0,0,0,0,0,39,0,0,0,0,0,0,0,0,0,0,0,0,0,0,0,0,0,0,0,0,0,0,0,0,0,0],37
"[""5066""",qm37,2026micmp3,910,0,0,0,0,0,66,35,0,0,0,0,0,0,0,0,0,0,0,0,0,0,0,0,0,0,0,0,0,0,0,0,Broke down in the field during last cycle],37
"[""548""",qm37,2026micmp3,8373,20,0,0,0,0,100,30,1,2,3,0,0,0,0,0,0,0,0,0,0,0,0,0,0,0,0,0,0,0,0,0,0],37
"[""548""",qm37,2026micmp3,8280,15,0,0,0,0,50,35,4,0,0,0,0,0,0,0,0,0,0,0,0,0,0,0,0,0,0,0,0,0,0,0,Seemingly disconnected in S2],37
"[""548""",qm37,2026micmp3,7056,5,0,0,0,0,74,10,1,2,0,0,0,0,0,0,0,0,0,0,0,0,0,0,0,0,0,0,0,0,0,0,0],37
"[""548""",qm37,2026micmp3,894,0,0,0,2,0,0,0,1,7,0,0,0,0,0,0,0,0,0,0,0,0,0,0,0,0,0,0,0,0,0,0,0],37
"[""548""",qm37,2026micmp3,1711,0,0,0,0,0,13,0,2,1,0,0,0,0,0,0,0,0,0,0,0,0,0,0,0,0,0,0,0,0,0,0,0],37
"[""548""",qm37,2026micmp3,910,13,0,0,2,0,84,62,0,5,0,0,0,0,0,0,0,0,0,0,0,0,0,0,0,0,0,0,0,0,0,0,Disconnected in endgame\n\n],37
"[""5066""",qm38,2026micmp3,818,17,0,0,4,0,124,5,3,5,0,0,0,0,0,0,0,0,0,0,0,0,0,0,0,0,0,0,0,0,0,0,0],38
"[""5066""",qm38,2026micmp3,4967,15,0,0,0,0,142,30,0,0,0,0,0,0,0,0,0,0,0,0,0,0,0,0,0,0,0,0,0,0,0,0,0],38
"[""5066""",qm38,2026micmp3,4779,12,0,0,2,0,76,0,0,5,0,0,0,0,0,0,0,0,0,0,0,0,0,0,0,0,0,0,0,0,0,0,0],38
"[""5066""",qm38,2026micmp3,3452,7,0,0,0,1,46,0,3,0,0,0,0,0,0,0,0,0,0,0,0,0,0,0,0,0,0,0,0,0,0,0,0],38
"[""5066""",qm38,2026micmp3,2137,35,0,2,0,0,100,58,4,0,0,0,0,0,0,0,0,0,0,0,0,0,0,0,0,0,0,0,0,0,0,0,Passing is very volatile ],38
"[""5066""",qm38,2026micmp3,1718,0,0,0,0,0,28,0,0,0,0,0,0,0,0,0,0,0,0,0,0,0,0,0,0,0,0,0,0,0,0,0,Pretty bad and below average],38
"[""548""",qm38,2026micmp3,4779,13,0,0,2,0,172,74,0,11,0,0,0,0,0,0,0,0,0,0,0,0,0,0,0,0,0,0,0,0,0,0,0],38
"[""548""",qm38,2026micmp3,1718,0,0,0,2,0,10,0,8,3,0,0,0,0,0,0,0,0,0,0,0,0,0,0,0,0,0,0,0,0,0,0,"I don»t think intake works, missed a lot in auto]",38
"[""548""",qm38,2026micmp3,3452,0,0,0,0,0,5,0,2,0,0,0,0,0,0,0,0,0,0,0,0,0,0,0,0,0,0,0,0,0,0,0,0],38
"[""548""",qm38,2026micmp3,2137,40,0,2,0,0,145,25,5,0,0,0,0,0,0,0,0,0,0,0,0,0,0,0,0,0,0,0,0,0,0,0,6],38
"[""548""",qm38,2026micmp3,4967,14,0,0,2,0,133,16,0,5,0,0,0,0,0,0,0,0,0,0,0,0,0,0,0,0,0,0,0,0,0,0,0],38
"[""548""",qm38,2026micmp3,818,30,0,0,2,0,131,20,0,1,0,0,0,0,0,0,0,0,0,0,0,0,0,0,0,0,0,0,0,0,0,0,0],38
"[""5066""",qm39,2026micmp3,1481,0,0,0,0,0,135,0,4,0,0,0,0,0,0,0,0,0,0,0,0,0,0,0,0,0,0,0,0,0,0,0,0],39
"[""5066""",qm39,2026micmp3,3618,-10,0,0,1,0,0,20,0,0,1,3,0,0,0,0,0,0,0,0,0,0,0,0,0,0,0,0,0,0,0,0,Played DEF the whole time. Shooter seems to work but they don»t appear to be relying on it],39
"[""5066""",qm39,2026micmp3,4391,40,0,0,0,0,182,45,0,0,0,0,0,0,0,0,0,0,0,0,0,0,0,0,0,0,0,0,0,0,0,0,0],39
"[""5066""",qm39,2026micmp3,2851,15,0,1,0,0,178,0,6,0,0,0,0,0,0,0,0,0,0,0,0,0,0,0,0,0,0,0,0,0,0,0,0],39
"[""5066""",qm39,2026micmp3,123,10,0,0,0,1,36,0,0,3,1,3,0,0,0,0,0,0,0,0,0,0,0,0,0,0,0,0,0,0,0,0,0],39
"[""5066""",qm39,2026micmp3,5712,45,0,0,0,0,85,0,0,0,0,0,0,0,0,0,0,0,0,0,0,0,0,0,0,0,0,0,0,0,0,0,I»m beat one on the team. Above average],39
"[""548""",qm39,2026micmp3,1481,0,0,0,0,0,128,0,2,0,0,0,0,0,0,0,0,0,0,0,0,0,0,0,0,0,0,0,0,0,0,0,0],39
"[""548""",qm39,2026micmp3,2851,18,0,0,2,0,100,0,8,0,0,0,0,0,0,0,0,0,0,0,0,0,0,0,0,0,0,0,0,0,0,0,0],39
"[""548""",qm39,2026micmp3,5712,45,0,0,4,0,128,61,0,7,0,0,0,0,0,0,0,0,0,0,0,0,0,0,0,0,0,0,0,0,0,0,0],39
"[""548""",qm39,2026micmp3,123,18,0,0,0,1,99,0,0,12,0,0,0,0,0,0,0,0,0,0,0,0,0,0,0,0,0,0,0,0,0,0,0],39
"[""548""",qm39,2026micmp3,3618,0,0,0,1,0,0,5,1,2,1,3,0,0,0,0,0,0,0,0,0,0,0,0,0,0,0,0,0,0,0,0,0],39
"[""548""",qm39,2026micmp3,4391,44,0,3,0,0,174,65,5,0,0,0,0,0,0,0,0,0,0,0,0,0,0,0,0,0,0,0,0,0,0,0,0],39
"[""5066""",qm40,2026micmp3,5066,26,0,0,4,0,197,0,0,12,0,0,0,0,0,0,0,0,0,0,0,0,0,0,0,0,0,0,0,0,0,0,0],40
"[""5066""",qm40,2026micmp3,6152,12,0,1,1,0,152,10,6,2,0,0,0,0,0,0,0,0,0,0,0,0,0,0,0,0,0,0,0,0,0,0,0],40
"[""5066""",qm40,2026micmp3,8397,5,0,0,2,1,3,0,0,5,0,0,0,0,0,0,0,0,0,0,0,0,0,0,0,0,0,0,0,0,0,0,0],40
"[""5066""",qm40,2026micmp3,33,55,0,0,0,0,235,0,0,0,0,0,0,0,0,0,0,0,0,0,0,0,0,0,0,0,0,0,0,0,0,0,Really good. Looked liked it vomitted 200 balls but it could be more],40
"[""5066""",qm40,2026micmp3,8612,16,0,0,2,0,63,0,3,2,0,0,0,0,0,0,0,0,0,0,0,0,0,0,0,0,0,0,0,0,0,0,0],40
"[""5066""",qm40,2026micmp3,5086,20,0,0,0,0,135,25,0,0,0,0,0,0,0,0,0,0,0,0,0,0,0,0,0,0,0,0,0,0,0,0,REALLY good defense],40
"[""548""",qm40,2026micmp3,5086,25,0,0,4,0,154,0,0,5,0,0,0,0,0,0,0,0,0,0,0,0,0,0,0,0,0,0,0,0,0,0,0],40
"[""548""",qm40,2026micmp3,8612,8,0,1,1,0,84,0,4,6,0,0,0,0,0,0,0,0,0,0,0,0,0,0,0,0,0,0,0,0,0,0,0],40
"[""548""",qm40,2026micmp3,33,60,0,4,0,0,250,50,10,0,0,0,0,0,0,0,0,0,0,0,0,0,0,0,0,0,0,0,0,0,0,0,400 point loss],40
"[""548""",qm40,2026micmp3,5066,37,0,0,0,0,109,0,0,0,0,0,0,0,0,0,0,0,0,0,0,0,0,0,0,0,0,0,0,0,0,0,0],40
"[""548""",qm40,2026micmp3,6152,0,0,0,0,0,137,0,6,1,0,0,0,0,0,0,0,0,0,0,0,0,0,0,0,0,0,0,0,0,0,0,0],40
"[""548""",qm40,2026micmp3,8397,13,0,0,0,1,23,0,2,7,0,0,0,0,0,0,0,0,0,0,0,0,0,0,0,0,0,0,0,0,0,0,0],40
"[""5066""",qm41,2026micmp3,4810,24,0,0,6,0,42,20,0,0,0,0,0,0,0,0,0,0,0,0,0,0,0,0,0,0,0,0,0,0,0,0,0],41
"[""5066""",qm41,2026micmp3,5229,10,0,0,0,0,134,0,4,0,1,1,0,0,0,0,0,0,0,0,0,0,0,0,0,0,0,0,0,0,0,0,Can auto-climb but may have failures during lineup.],41
"[""5066""",qm41,2026micmp3,7188,15,0,0,0,0,95,0,0,0,0,0,0,0,0,0,0,0,0,0,0,0,0,0,0,0,0,0,0,0,0,0,0],41
"[""5066""",qm41,2026micmp3,4392,35,0,0,2,0,30,4,0,3,0,0,0,0,0,0,0,0,0,0,0,0,0,0,0,0,0,0,0,0,0,0,"My robot broke down, they have a really good auton though]",41
"[""548""",qm41,2026micmp3,4392,19,0,0,3,0,32,0,0,0,0,0,0,0,0,0,0,0,0,0,0,0,0,0,0,0,0,0,0,0,0,0,Died],41
"[""548""",qm41,2026micmp3,4810,10,0,0,0,0,111,5,2,1,0,0,0,0,0,0,0,0,0,0,0,0,0,0,0,0,0,0,0,0,0,0,0],41
"[""548""",qm41,2026micmp3,7188,20,0,0,0,0,100,0,0,2,0,0,0,0,0,0,0,0,0,0,0,0,0,0,0,0,0,0,0,0,0,0,0],41
"[""548""",qm41,2026micmp3,70,0,0,1,0,0,167,0,0,16,0,0,0,0,0,0,0,0,0,0,0,0,0,0,0,0,0,0,0,0,0,0,0],41
"[""548""",qm41,2026micmp3,7054,17,0,2,0,0,72,0,6,0,0,0,0,0,0,0,0,0,0,0,0,0,0,0,0,0,0,0,0,0,0,0,0],41
"[""548""",qm41,2026micmp3,5229,9,0,0,0,0,129,0,6,0,1,1,0,0,0,0,0,0,0,0,0,0,0,0,0,0,0,0,0,0,0,0,0],41
"[""5066""",qm42,2026micmp3,818,22,0,0,0,1,90,20,7,5,0,0,0,0,0,0,0,0,0,0,0,0,0,0,0,0,0,0,0,0,0,0,0],42
"[""5066""",qm42,2026micmp3,5675,35,0,0,0,0,165,0,0,0,0,0,0,0,0,0,0,0,0,0,0,0,0,0,0,0,0,0,0,0,0,0,0],42
"[""5066""",qm42,2026micmp3,288,8,0,0,0,0,0,0,2,0,0,0,0,0,0,0,0,0,0,0,0,0,0,0,0,0,0,0,0,0,0,0,"Only pushed balls around and played iffy defense, the team is not that great]",42
"[""5066""",qm42,2026micmp3,7166,80,0,4,0,0,20,55,8,0,0,0,0,0,0,0,0,0,0,0,0,0,0,0,0,0,0,0,0,0,0,0,Shooter broke],42
"[""548""",qm42,2026micmp3,2337,0,0,0,0,0,116,0,0,0,0,0,0,0,0,0,0,0,0,0,0,0,0,0,0,0,0,0,0,0,0,0,0],42
"[""548""",qm42,2026micmp3,5675,10,0,2,1,0,76,25,2,4,0,0,0,0,0,0,0,0,0,0,0,0,0,0,0,0,0,0,0,0,0,0,0],42
"[""548""",qm42,2026micmp3,288,7,0,0,0,0,0,10,0,0,0,0,0,0,0,0,0,0,0,0,0,0,0,0,0,0,0,0,0,0,0,0,0],42
"[""548""",qm42,2026micmp3,910,15,0,0,3,0,77,16,3,5,0,0,0,0,0,0,0,0,0,0,0,0,0,0,0,0,0,0,0,0,0,0,0],42
"[""548""",qm42,2026micmp3,818,30,0,0,0,1,165,68,5,7,1,3,0,0,0,0,0,0,0,0,0,0,0,0,0,0,0,0,0,0,0,0,0],42
"[""548""",qm42,2026micmp3,7166,72,0,2,1,0,11,70,5,7,0,0,0,0,0,0,0,0,0,0,0,0,0,0,0,0,0,0,0,0,0,0,Intake broke midway \n\n],42
"[""5066""",qm43,2026micmp3,7056,20,0,0,3,0,72,35,1,6,0,0,0,0,0,0,0,0,0,0,0,0,0,0,0,0,0,0,0,0,0,0,0],43
"[""5066""",qm43,2026micmp3,68,30,0,0,0,0,165,0,0,0,0,0,0,0,0,0,0,0,0,0,0,0,0,0,0,0,0,0,0,0,0,0,0],43
"[""5066""",qm43,2026micmp3,3618,8,0,0,0,0,0,0,1,0,0,0,0,0,0,0,0,0,0,0,0,0,0,0,0,0,0,0,0,0,0,0,"Only played defense and their defense was embarrassing, they mostly stayed in the middle and moved ]",43
"[""5066""",qm43,2026micmp3,548,30,0,3,0,0,176,0,10,0,0,0,0,0,0,0,0,0,0,0,0,0,0,0,0,0,0,0,0,0,0,0,0],43
"[""548""",qm43,2026micmp3,3618,6,0,0,0,0,0,0,1,0,0,0,0,0,0,0,0,0,0,0,0,0,0,0,0,0,0,0,0,0,0,0,Defense ],43
"[""548""",qm43,2026micmp3,4967,10,0,0,2,0,115,15,0,10,0,0,0,0,0,0,0,0,0,0,0,0,0,0,0,0,0,0,0,0,0,0,0],43
"[""548""",qm43,2026micmp3,7056,25,0,0,2,0,155,58,2,14,0,0,0,0,0,0,0,0,0,0,0,0,0,0,0,0,0,0,0,0,0,0,0],43
"[""548""",qm43,2026micmp3,548,0,0,3,0,0,179,6,0,0,0,0,0,0,0,0,0,0,0,0,0,0,0,0,0,0,0,0,0,0,0,0,0,43
"[""5066""",qm44,2026micmp3,6152,10,0,3,1,0,165,35,0,0,0,0,0,0,0,0,0,0,0,0,0,0,0,0,0,0,0,0,0,0,0,0,0],44
"[""5066""",qm44,2026micmp3,2851,12,0,1,0,0,183,0,7,0,0,0,0,0,0,0,0,0,0,0,0,0,0,0,0,0,0,0,0,0,0,0,0],44
"[""5066""",qm44,2026micmp3,8612,20,0,0,0,1,100,0,3,4,0,0,0,0,0,0,0,0,0,0,0,0,0,0,0,0,0,0,0,0,0,0,0],44
"[""5066""",qm44,2026micmp3,8397,0,0,0,0,0,1,22,5,0,0,0,0,0,0,0,0,0,0,0,0,0,0,0,0,0,0,0,0,0,0,0,"My robot probably broke and played defense, not worth a pick, bad team]",44
"[""5066""",qm44,2026micmp3,5843,43,0,2,0,0,133,20,8,0,0,0,0,0,0,0,0,0,0,0,0,0,0,0,0,0,0,0,0,0,0,0,0],44
"[""548""",qm44,2026micmp3,8397,3,0,0,0,0,5,5,1,1,1,3,0,0,0,0,0,0,0,0,0,0,0,0,0,0,0,0,0,0,0,0,0],44
"[""548""",qm44,2026micmp3,8612,20,0,0,0,1,132,0,2,8,0,0,0,0,0,0,0,0,0,0,0,0,0,0,0,0,0,0,0,0,0,0,0],44
"[""548""",qm44,2026micmp3,5843,21,0,2,0,0,44,33,7,0,0,0,0,0,0,0,0,0,0,0,0,0,0,0,0,0,0,0,0,0,0,0,0],44
"[""548""",qm44,2026micmp3,2851,8,0,1,0,0,201,0,9,0,0,0,0,0,0,0,0,0,0,0,0,0,0,0,0,0,0,0,0,0,0,0,0],44
"[""5066""",qm45,2026micmp3,8280,30,0,3,1,0,96,0,0,4,0,0,0,0,0,0,0,0,0,0,0,0,0,0,0,0,0,0,0,0,0,0,Broke down],45
"[""5066""",qm45,2026micmp3,4810,13,0,0,4,0,95,40,0,8,0,0,0,0,0,0,0,0,0,0,0,0,0,0,0,0,0,0,0,0,0,0,0],45
"[""5066""",qm45,2026micmp3,70,15,0,0,0,0,135,20,2,1,0,0,0,0,0,0,0,0,0,0,0,0,0,0,0,0,0,0,0,0,0,0,0],45
"[""5066""",qm45,2026micmp3,1718,6,0,0,0,0,14,0,0,4,0,0,0,0,0,0,0,0,0,0,0,0,0,0,0,0,0,0,0,0,0,0,Human player probably made more shots],45
"[""5066""",qm45,2026micmp3,5066,45,0,0,3,0,189,35,0,6,0,0,0,0,0,0,0,0,0,0,0,0,0,0,0,0,0,0,0,0,0,0,0],45
"[""548""",qm45,2026micmp3,70,15,0,0,0,0,147,0,0,4,0,0,0,0,0,0,0,0,0,0,0,0,0,0,0,0,0,0,0,0,0,0,0],45
"[""548""",qm45,2026micmp3,3322,8,0,0,0,0,61,0,0,0,0,0,0,0,0,0,0,0,0,0,0,0,0,0,0,0,0,0,0,0,0,0,0],45
"[""548""",qm45,2026micmp3,1718,3,0,0,0,0,51,0,0,0,0,0,0,0,0,0,0,0,0,0,0,0,0,0,0,0,0,0,0,0,0,0,0],45
"[""548""",qm45,2026micmp3,8280,29,0,2,2,0,103,10,0,8,0,0,0,0,0,0,0,0,0,0,0,0,0,0,0,0,0,0,0,0,0,0,0],45
"[""548""",qm45,2026micmp3,4810,42,0,0,4,0,175,29,0,12,0,0,0,0,0,0,0,0,0,0,0,0,0,0,0,0,0,0,0,0,0,0,0],45
"[""548""",qm45,2026micmp3,5066,51,0,0,3,0,178,48,0,8,0,0,0,0,0,0,0,0,0,0,0,0,0,0,0,0,0,0,0,0,0,0,0],45
"[""5066""",qm46,2026micmp3,4779,32,0,0,1,0,35,0,0,5,0,0,0,0,0,0,0,0,0,0,0,0,0,0,0,0,0,0,0,0,0,0,0],46
"[""5066""",qm46,2026micmp3,33,25,0,4,0,0,140,0,6,0,0,0,0,0,0,0,0,0,0,0,0,0,0,0,0,0,0,0,0,0,0,0,0],46
"[""5066""",qm46,2026micmp3,4391,25,0,1,1,0,128,35,0,0,0,0,0,0,0,0,0,0,0,0,0,0,0,0,0,0,0,0,0,0,0,0,Very fast and accurate ],46
"[""548""",qm46,2026micmp3,33,21,0,4,0,0,128,5,6,0,0,0,0,0,0,0,0,0,0,0,0,0,0,0,0,0,0,0,0,0,0,0,0],46
"[""548""",qm46,2026micmp3,4391,15,0,0,0,0,123,15,0,0,0,0,0,0,0,0,0,0,0,0,0,0,0,0,0,0,0,0,0,0,0,0,0],46
"[""548""",qm46,2026micmp3,1711,0,0,0,0,0,0,0,3,0,0,0,0,0,0,0,0,0,0,0,0,0,0,0,0,0,0,0,0,0,0,0,Got stuck on bump at end],46
"[""548""",qm46,2026micmp3,2137,23,0,2,0,0,70,80,0,0,0,0,0,0,0,0,0,0,0,0,0,0,0,0,0,0,0,0,0,0,0,0,Jams a lot ],46
"[""548""",qm46,2026micmp3,4956,8,0,0,0,0,24,0,3,5,0,0,0,0,0,0,0,0,0,0,0,0,0,0,0,0,0,0,0,0,0,0,0],46
"[""548""",qm46,2026micmp3,4779,26,0,0,3,0,62,0,0,6,0,0,0,0,0,0,0,0,0,0,0,0,0,0,0,0,0,0,0,0,0,0,0],46
[5066,qm46,2026micmp3,2137,20,0,3,0,0,23,142,6,0,0,0,0,0,0,0,0,0,0,0,0,0,0,0,0,0,0,0,0,0,0,0,0],46
"[""5066""",qm47,2026micmp3,894,0,0,0,1,0,0,0,0,0,0,0,0,0,0,0,0,0,0,0,0,0,0,0,0,0,0,0,0,0,0,0,Go fully flipped in auton],47
"[""5066""",qm47,2026micmp3,3452,15,0,0,0,0,133,0,7,3,0,0,0,0,0,0,0,0,0,0,0,0,0,0,0,0,0,0,0,0,0,0,0],47
"[""5066""",qm47,2026micmp3,5229,4,0,0,0,0,86,0,4,0,0,0,0,0,0,0,0,0,0,0,0,0,0,0,0,0,0,0,0,0,0,0,0],47
"[""5066""",qm47,2026micmp3,5086,25,0,0,1,0,153,30,1,1,0,0,0,0,0,0,0,0,0,0,0,0,0,0,0,0,0,0,0,0,0,0,Very accurate and fast],47
"[""5066""",qm47,2026micmp3,7054,6,0,2,0,0,131,0,0,0,0,0,0,0,0,0,0,0,0,0,0,0,0,0,0,0,0,0,0,0,0,0,0],47
"[""548""",qm47,2026micmp3,894,0,0,1,0,0,0,0,0,0,0,0,0,0,0,0,0,0,0,0,0,0,0,0,0,0,0,0,0,0,0,0,Got fully flipped over in auto],47
"[""548""",qm47,2026micmp3,5086,26,0,0,0,0,176,0,0,1,0,0,0,0,0,0,0,0,0,0,0,0,0,0,0,0,0,0,0,0,0,0,0],47
"[""548""",qm47,2026micmp3,5229,8,0,0,0,0,117,0,8,0,0,0,0,0,0,0,0,0,0,0,0,0,0,0,0,0,0,0,0,0,0,0,0],47
"[""548""",qm47,2026micmp3,7054,20,0,0,0,0,92,0,3,0,0,0,0,0,0,0,0,0,0,0,0,0,0,0,0,0,0,0,0,0,0,0,0],47
"[""548""",qm47,2026micmp3,3452,8,0,0,0,0,185,0,10,5,0,0,0,0,0,0,0,0,0,0,0,0,0,0,0,0,0,0,0,0,0,0,0],47
"[""548""",qm47,2026micmp3,5712,27,0,0,2,0,205,60,0,8,0,0,0,0,0,0,0,0,0,0,0,0,0,0,0,0,0,0,0,0,0,0,0],47
"[""5066""",qm47,2026micmp3,5712,17,0,0,3,0,251,60,2,5,0,0,0,0,0,0,0,0,0,0,0,0,0,0,0,0,0,0,0,0,0,0,0],47
".[""548""",qm48,2026micmp3,123,13,0,0,0,1,105,37,0,8,1,3,0,0,0,0,0,0,0,0,0,0,0,0,0,0,0,0,0,0,0,0,0],48
"[""548""",qm48,2026micmp3,2960,0,0,0,1,0,0,0,0,0,0,0,0,0,0,0,0,0,0,0,0,0,0,0,0,0,0,0,0,0,0,0,Stalled in auto],48
"[""548""",qm48,2026micmp3,8397,8,0,0,0,0,17,26,5,1,0,0,0,0,0,0,0,0,0,0,0,0,0,0,0,0,0,0,0,0,0,0,0],48
"[""5066""",qm48,2026micmp3,2960,0,0,0,1,0,0,0,0,0,0,0,0,0,0,0,0,0,0,0,0,0,0,0,0,0,0,0,0,0,0,0,Broke down],48
"[""5066""",qm48,2026micmp3,8397,6,0,0,0,0,7,0,1,0,0,0,0,0,0,0,0,0,0,0,0,0,0,0,0,0,0,0,0,0,0,0,Kit bot],48
"[""5066""",qm48,2026micmp3,7188,21,0,0,2,0,163,0,2,2,0,0,0,0,0,0,0,0,0,0,0,0,0,0,0,0,0,0,0,0,0,0,0],48
"[""548""",qm48,2026micmp3,4392,26,0,0,2,0,95,0,0,0,0,0,0,0,0,0,0,0,0,0,0,0,0,0,0,0,0,0,0,0,0,0,0],48
"[""5066""",qm48,2026micmp3,123,12,0,0,0,1,15,10,0,3,1,2,0,0,0,0,0,0,0,0,0,0,0,0,0,0,0,0,0,0,0,0,Shooter appeared to stop working in endgame],48
"[""548""",qm48,2026micmp3,7188,12,0,0,2,1,82,20,0,6,0,0,0,0,0,0,0,0,0,0,0,0,0,0,0,0,0,0,0,0,0,0,0],48
"[""548""",qm48,2026micmp3,6637,0,0,0,1,0,103,0,0,0,0,0,0,0,0,0,0,0,0,0,0,0,0,0,0,0,0,0,0,0,0,0,0],48
"[""5066""",qm48,2026micmp3,6637,0,15,0,1,0,101,14,1,1,0,0,0,0,0,0,0,0,0,0,0,0,0,0,0,0,0,0,0,0,0,0,Somewhat accurate and fast],48
"[""5066""",qm48,2026micmp3,4392,24,0,0,4,0,173,45,3,9,0,0,0,0,0,0,0,0,0,0,0,0,0,0,0,0,0,0,0,0,0,0,0],48
"[""548""",qm49,2026micmp3,818,5,0,0,0,1,63,15,1,6,0,0,0,0,0,0,0,0,0,0,0,0,0,0,0,0,0,0,0,0,0,0,0],49
"[""548""",qm49,2026micmp3,548,39,0,3,0,0,153,0,10,0,0,0,0,0,0,0,0,0,0,0,0,0,0,0,0,0,0,0,0,0,0,0,0],49
"[""548""",qm49,2026micmp3,5066,25,0,0,0,0,84,0,1,2,0,0,0,0,0,0,0,0,0,0,0,0,0,0,0,0,0,0,0,0,0,0,0],49
"[""548""",qm50,2026micmp3,6152,25,0,0,0,0,148,0,0,6,0,0,0,0,0,0,0,0,0,0,0,0,0,0,0,0,0,0,0,0,0,0,0],50
"[""548""",qm50,2026micmp3,2337,68,0,0,0,0,235,45,0,1,0,0,0,0,0,0,0,0,0,0,0,0,0,0,0,0,0,0,0,0,0,0,0],50
"[""548""",qm50,2026micmp3,3618,8,0,0,0,0,0,0,0,7,0,0,0,0,0,0,0,0,0,0,0,0,0,0,0,0,0,0,0,0,0,0,0],50
"[""548""",qm50,2026micmp3,7056,12,0,0,1,0,122,0,3,7,0,0,0,0,0,0,0,0,0,0,0,0,0,0,0,0,0,0,0,0,0,0,0],50
"[""548""",qm50,2026micmp3,288,10,0,0,0,0,115,45,6,0,0,0,0,0,0,0,0,0,0,0,0,0,0,0,0,0,0,0,0,0,0,0,0],50
"[""548""",qm50,2026micmp3,3322,25,0,0,0,0,155,150,8,13,0,0,0,0,0,0,0,0,0,0,0,0,0,0,0,0,0,0,0,0,0,0,0],50
"[""5066""",qm49,2026micmp3,5843,35,0,0,0,0,115,0,0,0,0,0,0,0,0,0,0,0,0,0,0,0,0,0,0,0,0,0,0,0,0,0,Very fast and accurate ],49
"[""5066""",qm49,2026micmp3,8373,18,0,2,0,0,140,0,6,0,0,0,0,0,0,0,0,0,0,0,0,0,0,0,0,0,0,0,0,0,0,0,Could not go under trench with full hope],49
"[""5066""",qm50,2026micmp3,6152,10,0,0,2,0,67,0,0,0,0,0,0,0,0,0,0,0,0,0,0,0,0,0,0,0,0,0,0,0,0,0,0],50
"[""5066""",qm50,2026micmp3,2337,150,25,0,1,0,25,0,0,0,0,0,0,0,0,0,0,0,0,0,0,0,0,0,0,0,0,0,0,0,0,0,Very accurate and fast],50
"[""5066""",qm50,2026micmp3,3618,2,0,0,0,0,1,0,0,3,0,0,0,0,0,0,0,0,0,0,0,0,0,0,0,0,0,0,0,0,0,0,"Not good at all, dispute this team winning, this robot didn»t help, it couldn»t aim good at all, \n]",50
"[""548""",qm51,2026micmp3,8280,40,0,4,0,0,160,55,6,4,0,0,0,0,0,0,0,0,0,0,0,0,0,0,0,0,0,0,0,0,0,0,Bad aim],51
"[""548""",qm51,2026micmp3,2851,0,0,0,0,0,108,18,6,0,0,0,0,0,0,0,0,0,0,0,0,0,0,0,0,0,0,0,0,0,0,0,0],51
"[""548""",qm51,2026micmp3,5712,0,0,0,2,0,138,0,0,1,0,0,0,0,0,0,0,0,0,0,0,0,0,0,0,0,0,0,0,0,0,0,0],51
"[""5066""",qm51,2026micmp3,2851,0,0,0,0,0,145,0,0,0,0,0,0,0,0,0,0,0,0,0,0,0,0,0,0,0,0,0,0,0,0,0,Shooter was struggling a bit at the end],51
"[""548""",qm51,2026micmp3,4967,21,0,0,4,0,70,10,1,15,0,0,0,0,0,0,0,0,0,0,0,0,0,0,0,0,0,0,0,0,0,0,0],51
"[""548""",qm51,2026micmp3,7166,53,0,0,2,0,124,55,3,6,0,0,0,0,0,0,0,0,0,0,0,0,0,0,0,0,0,0,0,0,0,0,0],51
"[""5066""",qm51,2026micmp3,2851,0,0,0,0,0,55,20,10,0,0,0,0,0,0,0,0,0,0,0,0,0,0,0,0,0,0,0,0,0,0,0,No auto],51
"[""5066""",qm51,2026micmp3,7166,70,0,0,0,0,195,0,0,0,0,0,0,0,0,0,0,0,0,0,0,0,0,0,0,0,0,0,0,0,0,0,0],51
"[""5066""",qm51,2026micmp3,8280,30,0,0,0,0,185,0,0,0,0,0,0,0,0,0,0,0,0,0,0,0,0,0,0,0,0,0,0,0,0,0,Pretty good bot],51
"[""5066""",qm52,2026micmp3,7188,15,0,0,0,0,95,0,3,1,0,0,0,0,0,0,0,0,0,0,0,0,0,0,0,0,0,0,0,0,0,0,0],52
"[""548""",qm52,2026micmp3,4810,20,0,0,2,0,45,30,0,16,0,0,0,0,0,0,0,0,0,0,0,0,0,0,0,0,0,0,0,0,0,0,Intake troubles],52
"[""548""",qm52,2026micmp3,894,5,0,0,1,0,20,0,3,4,0,0,0,0,0,0,0,0,0,0,0,0,0,0,0,0,0,0,0,0,0,0,0],52
"[""5066""",qm52,2026micmp3,894,30,0,2,0,0,30,0,4,1,0,0,0,0,0,0,0,0,0,0,0,0,0,0,0,0,0,0,0,0,0,0,Played defense],52
"[""5066""",qm52,2026micmp3,68,20,20,0,0,0,35,0,0,0,0,0,0,0,0,0,0,0,0,0,0,0,0,0,0,0,0,0,0,0,0,0,Defense Diff got guarded to all hell and prolly pissed off bout it],52
"[""548""",qm52,2026micmp3,7188,25,0,0,0,0,123,24,0,6,0,0,0,0,0,0,0,0,0,0,0,0,0,0,0,0,0,0,0,0,0,0,0],52
"[""5066""",qm52,2026micmp3,4956,10,0,0,0,0,25,0,0,0,0,0,0,0,0,0,0,0,0,0,0,0,0,0,0,0,0,0,0,0,0,0,Not a good bot],52
"[""548""",qm52,2026micmp3,4810,32,0,0,4,0,86,0,5,14,0,0,0,0,0,0,0,0,0,0,0,0,0,0,0,0,0,0,0,0,0,0,0],52
"[""548""",qm52,2026micmp3,3452,12,0,0,1,0,53,0,2,1,0,0,0,0,0,0,0,0,0,0,0,0,0,0,0,0,0,0,0,0,0,0,0],52
"[""548""",qm52,2026micmp3,68,25,0,0,0,0,38,35,1,7,0,0,0,0,0,0,0,0,0,0,0,0,0,0,0,0,0,0,0,0,0,0,0],52
"[""548""",qm53,2026micmp3,4779,0,0,0,0,0,48,23,0,4,0,0,0,0,0,0,0,0,0,0,0,0,0,0,0,0,0,0,0,0,0,0,0],53
"[""5066""",qm53,2026micmp3,5086,35,0,0,2,0,122,0,1,1,0,0,0,0,0,0,0,0,0,0,0,0,0,0,0,0,0,0,0,0,0,0,0],53
"[""548""",qm53,2026micmp3,1481,55,0,0,0,0,140,0,4,0,0,0,0,0,0,0,0,0,0,0,0,0,0,0,0,0,0,0,0,0,0,0,0],53
"[""548""",qm53,2026micmp3,5086,31,0,0,2,0,146,6,0,8,0,0,0,0,0,0,0,0,0,0,0,0,0,0,0,0,0,0,0,0,0,0,0],53
"[""548""",qm53,2026micmp3,123,11,0,0,0,1,92,0,0,0,0,0,0,0,0,0,0,0,0,0,0,0,0,0,0,0,0,0,0,0,0,0,0],53
"[""5066""",qm53,2026micmp3,2960,30,0,2,2,0,126,0,2,2,0,0,0,0,0,0,0,0,0,0,0,0,0,0,0,0,0,0,0,0,0,0,0],53
"[""548""",qm53,2026micmp3,910,17,0,0,4,0,107,72,0,6,0,0,0,0,0,0,0,0,0,0,0,0,0,0,0,0,0,0,0,0,0,0,0],53
"[""5066""",qm53,2026micmp3,910,15,0,0,0,0,85,35,0,0,0,0,0,0,0,0,0,0,0,0,0,0,0,0,0,0,0,0,0,0,0,0,0],53
"[""5066""",qm53,2026micmp3,1481,50,0,0,0,0,145,0,0,0,0,0,0,0,0,0,0,0,0,0,0,0,0,0,0,0,0,0,0,0,0,0,Pretty decent. Got stuck on balls at the end ],53
"[""548""",qm54,2026micmp3,5675,10,0,0,0,0,62,7,6,9,0,0,0,0,0,0,0,0,0,0,0,0,0,0,0,0,0,0,0,0,0,0,0],54
"[""548""",qm54,2026micmp3,1718,17,0,0,0,0,62,0,7,1,0,0,0,0,0,0,0,0,0,0,0,0,0,0,0,0,0,0,0,0,0,0,0],54
"[""5066""",qm54,2026micmp3,6637,0,0,0,2,0,57,0,0,4,0,0,0,0,0,0,0,0,0,0,0,0,0,0,0,0,0,0,0,0,0,0,0],54
"[""5066""",qm54,2026micmp3,4391,0,0,0,0,0,108,65,2,7,0,0,0,0,0,0,0,0,0,0,0,0,0,0,0,0,0,0,0,0,0,0,Stuck on the balls in Auton. ],54
"[""548""",qm54,2026micmp3,1711,5,0,0,0,0,6,0,3,2,0,0,0,0,0,0,0,0,0,0,0,0,0,0,0,0,0,0,0,0,0,0,0],54
"[""548""",qm54,2026micmp3,7054,27,0,2,0,0,99,0,0,0,0,0,0,0,0,0,0,0,0,0,0,0,0,0,0,0,0,0,0,0,0,0,0],54
"[""548""",qm54,2026micmp3,4391,0,2,1,0,0,136,31,6,2,0,0,0,0,0,0,0,0,0,0,0,0,0,0,0,0,0,0,0,0,0,0,0],54
"[""548""",qm54,2026micmp3,6637,15,0,1,2,0,95,0,5,7,0,0,0,0,0,0,0,0,0,0,0,0,0,0,0,0,0,0,0,0,0,0,0],54
"[""5066""",qm54,2026micmp3,5675,20,0,0,0,0,40,0,0,0,0,0,0,0,0,0,0,0,0,0,0,0,0,0,0,0,0,0,0,0,0,0,Started off well then served playing defense ],54
"[""5066""",qm54,2026micmp3,1711,18,0,0,0,0,100,25,0,0,0,0,0,0,0,0,0,0,0,0,0,0,0,0,0,0,0,0,0,0,0,0,0],54
"[""548""",qm55,2026micmp3,33,17,0,0,0,0,172,0,12,0,0,0,0,0,0,0,0,0,0,0,0,0,0,0,0,0,0,0,0,0,0,0,0],55
"[""5066""",qm55,2026micmp3,5229,15,0,2,0,0,80,0,10,0,0,0,0,0,0,0,0,0,0,0,0,0,0,0,0,0,0,0,0,0,0,0,0],55
"[""548""",qm55,2026micmp3,288,0,0,0,0,0,85,40,7,7,0,0,0,0,0,0,0,0,0,0,0,0,0,0,0,0,0,0,0,0,0,0,0],55
"[""548""",qm55,2026micmp3,2137,60,0,3,0,0,197,0,2,0,0,0,0,0,0,0,0,0,0,0,0,0,0,0,0,0,0,0,0,0,0,0,0],55
"[""548""",qm55,2026micmp3,4392,14,0,0,4,0,120,28,2,16,0,0,0,0,0,0,0,0,0,0,0,0,0,0,0,0,0,0,0,0,0,0,0],55
"[""548""",qm55,2026micmp3,5229,8,0,0,0,0,133,0,10,0,0,0,0,0,0,0,0,0,0,0,0,0,0,0,0,0,0,0,0,0,0,0,0],55
"[""548""",qm55,2026micmp3,5843,27,0,2,0,0,39,20,2,6,0,0,0,0,0,0,0,0,0,0,0,0,0,0,0,0,0,0,0,0,0,0,0],55
"[""5066""",qm25,2026micmp3,4779,8,0,0,0,0,63,20,0,4,0,0,0,0,0,0,0,0,0,0,0,0,0,0,0,0,0,0,0,0,0,0,0],25
"[""5066""",qm55,2026micmp3,288,10,0,0,0,0,105,30,4,0,0,0,0,0,0,0,0,0,0,0,0,0,0,0,0,0,0,0,0,0,0,0,0],55
"[""548""",qm56,2026micmp3,2851,3,0,2,0,0,71,40,0,0,0,0,0,0,0,0,0,0,0,0,0,0,0,0,0,0,0,0,0,0,0,0,0],56
"[""548""",qm56,2026micmp3,2337,29,0,0,4,0,186,0,0,10,0,0,0,0,0,0,0,0,0,0,0,0,0,0,0,0,0,0,0,0,0,0,0],56
"[""548""",qm56,2026micmp3,4956,8,0,0,0,0,116,0,2,12,0,0,0,0,0,0,0,0,0,0,0,0,0,0,0,0,0,0,0,0,0,0,0],56
"[""548""",qm56,2026micmp3,7188,10,0,0,0,0,57,0,1,6,0,0,0,0,0,0,0,0,0,0,0,0,0,0,0,0,0,0,0,0,0,0,0],56
"[""5066""",qm56,2026micmp3,2851,3,0,1,0,0,150,35,1,0,0,0,0,0,0,0,0,0,0,0,0,0,0,0,0,0,0,0,0,0,0,0,Very fast and accurate ],56
"[""5066""",qm56,2026micmp3,3452,6,0,0,0,0,17,0,1,2,0,0,0,0,0,0,0,0,0,0,0,0,0,0,0,0,0,0,0,0,0,0,Shooter broke I think because they were playing defense],56
"[""5066""",qm56,2026micmp3,7188,6,0,0,0,0,73,0,3,4,0,0,0,0,0,0,0,0,0,0,0,0,0,0,0,0,0,0,0,0,0,0,0],56
"[""5066""",qm56,2026micmp3,4956,5,0,0,0,0,56,0,0,2,0,0,0,0,0,0,0,0,0,0,0,0,0,0,0,0,0,0,0,0,0,0,Played defense ],56
"[""548""",qm57,2026micmp3,7056,25,0,0,3,0,148,5,0,7,0,0,0,0,0,0,0,0,0,0,0,0,0,0,0,0,0,0,0,0,0,0,0],57
"[""548""",qm57,2026micmp3,8612,12,0,0,0,1,126,0,0,1,0,0,0,0,0,0,0,0,0,0,0,0,0,0,0,0,0,0,0,0,0,0,0],57
"[""548""",qm57,2026micmp3,3322,12,0,0,0,0,150,45,1,3,0,0,0,0,0,0,0,0,0,0,0,0,0,0,0,0,0,0,0,0,0,0,0],57
"[""548""",qm57,2026micmp3,5066,19,0,0,0,0,78,18,0,0,0,0,0,0,0,0,0,0,0,0,0,0,0,0,0,0,0,0,0,0,0,0,0],57
"[""548""",qm57,2026micmp3,4779,14,0,0,2,0,79,0,0,5,0,0,0,0,0,0,0,0,0,0,0,0,0,0,0,0,0,0,0,0,0,0,0],57
"[""548""",qm57,2026micmp3,5712,16,0,0,3,0,219,71,0,8,0,0,0,0,0,0,0,0,0,0,0,0,0,0,0,0,0,0,0,0,0,0,0],57
"[""5066""",qm57,2026micmp3,7056,15,0,2,0,0,74,0,8,0,0,0,0,0,0,0,0,0,0,0,0,0,0,0,0,0,0,0,0,0,0,0,0],57
"[""5066""",qm57,2026micmp3,8612,10,0,1,0,0,105,0,1,0,0,0,0,0,0,0,0,0,0,0,0,0,0,0,0,0,0,0,0,0,0,0,Fast but not the most accurate ],57
"[""5066""",qm57,2026micmp3,4779,17,0,0,2,0,126,8,0,0,0,0,0,0,0,0,0,0,0,0,0,0,0,0,0,0,0,0,0,0,0,0,0],57
"[""5066""",qm57,2026micmp3,5712,32,0,0,2,0,123,0,0,6,0,0,0,0,0,0,0,0,0,0,0,0,0,0,0,0,0,0,0,0,0,0,0],57
"[""5066""",qm57,2026micmp3,3322,20,0,0,0,0,135,0,2,1,0,0,0,0,0,0,0,0,0,0,0,0,0,0,0,0,0,0,0,0,0,0,0],57
"[""5066""",qm57,2026micmp3,5066,30,0,0,0,0,205,110,2,3,0,0,0,0,0,0,0,0,0,0,0,0,0,0,0,0,0,0,0,0,0,0,0],57
"[""548""",qm58,2026micmp3,68,45,0,0,2,0,155,30,1,7,0,0,0,0,0,0,0,0,0,0,0,0,0,0,0,0,0,0,0,0,0,0,0],58
"[""548""",qm58,2026micmp3,818,29,0,0,0,0,128,8,6,6,1,2,0,0,0,0,0,0,0,0,0,0,0,0,0,0,0,0,0,0,0,0,0],58
"[""548""",qm58,2026micmp3,6152,24,0,1,0,0,37,21,2,1,0,0,0,0,0,0,0,0,0,0,0,0,0,0,0,0,0,0,0,0,0,0,0],58
"[""548""",qm58,2026micmp3,4391,32,0,1,3,0,176,0,1,3,0,0,0,0,0,0,0,0,0,0,0,0,0,0,0,0,0,0,0,0,0,0,0],58
"[""548""",qm58,2026micmp3,910,11,0,0,0,0,139,15,0,2,0,0,0,0,0,0,0,0,0,0,0,0,0,0,0,0,0,0,0,0,0,0,0],58
"[""548""",qm58,2026micmp3,70,39,0,2,0,0,96,0,2,4,0,0,0,0,0,0,0,0,0,0,0,0,0,0,0,0,0,0,0,0,0,0,0],58
"[""5066""",qm58,2026micmp3,818,31,0,0,0,0,103,30,1,2,1,2,0,0,0,0,0,0,0,0,0,0,0,0,0,0,0,0,0,0,0,0,0],58
"[""5066""",qm58,2026micmp3,4391,15,0,1,1,0,100,0,2,6,0,0,0,0,0,0,0,0,0,0,0,0,0,0,0,0,0,0,0,0,0,0,0],58
"[""5066""",qm58,2026micmp3,910,3,0,0,0,0,100,50,0,1,0,0,0,0,0,0,0,0,0,0,0,0,0,0,0,0,0,0,0,0,0,0,Somewhat accurate and fast],58
"[""5066""",qm58,2026micmp3,6152,50,0,1,0,0,135,0,2,4,0,0,0,0,0,0,0,0,0,0,0,0,0,0,0,0,0,0,0,0,0,0,0],58
"[""5066""",qm58,2026micmp3,68,27,0,0,2,0,92,0,0,4,0,0,0,0,0,0,0,0,0,0,0,0,0,0,0,0,0,0,0,0,0,0,0],58
"[""5066""",qm58,2026micmp3,70,36,0,2,0,0,130,0,5,1,0,0,0,0,0,0,0,0,0,0,0,0,0,0,0,0,0,0,0,0,0,0,0],58
"[""548""",qm59,2026micmp3,6637,27,0,0,3,0,141,0,0,9,0,0,0,0,0,0,0,0,0,0,0,0,0,0,0,0,0,0,0,0,0,0,0],59
"[""548""",qm59,2026micmp3,1718,3,0,0,0,0,53,0,3,4,0,0,0,0,0,0,0,0,0,0,0,0,0,0,0,0,0,0,0,0,0,0,0],59
"[""548""",qm59,2026micmp3,3618,8,0,0,1,0,0,0,0,0,0,0,0,0,0,0,0,0,0,0,0,0,0,0,0,0,0,0,0,0,0,0,Robot DCed],59
"[""548""",qm59,2026micmp3,548,14,0,0,0,0,42,15,0,0,0,0,0,0,0,0,0,0,0,0,0,0,0,0,0,0,0,0,0,0,0,0,0],59
"[""548""",qm59,2026micmp3,123,12,0,0,0,1,92,0,0,1,1,3,0,0,0,0,0,0,0,0,0,0,0,0,0,0,0,0,0,0,0,0,0],59
"[""548""",qm59,2026micmp3,8280,27,0,3,0,0,56,10,0,3,0,0,0,0,0,0,0,0,0,0,0,0,0,0,0,0,0,0,0,0,0,0,0],59
"[""5066""",qm59,2026micmp3,8280,10,0,0,0,0,87,55,5,1,0,0,0,0,0,0,0,0,0,0,0,0,0,0,0,0,0,0,0,0,0,0,0],59
"[""5066""",qm59,2026micmp3,6637,10,0,0,3,0,112,10,0,8,0,0,0,0,0,0,0,0,0,0,0,0,0,0,0,0,0,0,0,0,0,0,0],59
"[""5066""",qm59,2026micmp3,3618,5,0,0,1,0,0,0,0,5,0,0,0,0,0,0,0,0,0,0,0,0,0,0,0,0,0,0,0,0,0,0,Played defense \nRobot disabled],59
"[""5066""",qm59,2026micmp3,123,11,0,0,0,0,85,0,1,0,0,0,0,0,0,0,0,0,0,0,0,0,0,0,0,0,0,0,0,0,0,0,Accurate but very slow ],59
"[""5066""",qm59,2026micmp3,1718,4,0,0,0,0,49,0,0,0,0,0,0,0,0,0,0,0,0,0,0,0,0,0,0,0,0,0,0,0,0,0,0],59
"[""548""",qm60,2026micmp3,4810,0,0,0,1,0,6,0,0,1,0,0,0,0,0,0,0,0,0,0,0,0,0,0,0,0,0,0,0,0,0,0,0],60
"[""548""",qm60,2026micmp3,7166,39,0,2,2,0,93,30,5,1,0,0,0,0,0,0,0,0,0,0,0,0,0,0,0,0,0,0,0,0,0,0,0],60
"[""548""",qm60,2026micmp3,1481,23,0,0,0,0,73,0,0,0,0,0,0,0,0,0,0,0,0,0,0,0,0,0,0,0,0,0,0,0,0,0,0],60
"[""548""",qm60,2026micmp3,1711,1,0,0,0,0,0,0,5,1,0,0,0,0,0,0,0,0,0,0,0,0,0,0,0,0,0,0,0,0,0,0,Defense bot],60
"[""548""",qm60,2026micmp3,4392,20,0,0,2,0,135,0,0,7,0,0,0,0,0,0,0,0,0,0,0,0,0,0,0,0,0,0,0,0,0,0,0],60
"[""548""",qm60,2026micmp3,7054,16,0,0,0,0,41,0,0,0,0,0,0,0,0,0,0,0,0,0,0,0,0,0,0,0,0,0,0,0,0,0,Got stuck for 2  shifts\n\n\n],60
"[""5066""",qm60,2026micmp3,7054,8,0,0,0,0,67,0,4,0,0,0,0,0,0,0,0,0,0,0,0,0,0,0,0,0,0,0,0,0,0,0,0],60
"[""5066""",qm60,2026micmp3,7166,30,0,1,3,0,38,0,6,0,0,0,0,0,0,0,0,0,0,0,0,0,0,0,0,0,0,0,0,0,0,0,0],60
"[""5066""",qm60,2026micmp3,1711,2,0,0,0,0,0,0,6,0,0,0,0,0,0,0,0,0,0,0,0,0,0,0,0,0,0,0,0,0,0,0,Played defense ],60
"[""5066""",qm60,2026micmp3,4810,9,0,0,1,0,30,0,0,0,0,0,0,0,0,0,0,0,0,0,0,0,0,0,0,0,0,0,0,0,0,0,Not very fast or accurate ],60
"[""5066""",qm60,2026micmp3,1481,50,0,2,0,0,145,0,3,0,0,0,0,0,0,0,0,0,0,0,0,0,0,0,0,0,0,0,0,0,0,0,They could hold a lot],60
"[""548""",qm61,2026micmp3,2137,65,0,2,0,0,281,46,6,0,0,0,0,0,0,0,0,0,0,0,0,0,0,0,0,0,0,0,0,0,0,0,0],61
"[""548""",qm61,2026micmp3,4967,5,0,0,0,0,45,55,0,6,0,0,0,0,0,0,0,0,0,0,0,0,0,0,0,0,0,0,0,0,0,0,0],61
"[""548""",qm61,2026micmp3,5675,23,0,0,0,0,82,19,0,0,0,0,0,0,0,0,0,0,0,0,0,0,0,0,0,0,0,0,0,0,0,0,0],61
"[""548""",qm61,2026micmp3,2960,35,0,2,1,0,146,0,0,9,0,0,0,0,0,0,0,0,0,0,0,0,0,0,0,0,0,0,0,0,0,0,0],61
"[""548""",qm61,2026micmp3,5229,8,0,0,0,1,127,0,1,0,1,1,0,0,0,0,0,0,0,0,0,0,0,0,0,0,0,0,0,0,0,0,0],61
"[""548""",qm61,2026micmp3,33,24,0,2,0,0,147,50,9,0,0,0,0,0,0,0,0,0,0,0,0,0,0,0,0,0,0,0,0,0,0,0,0],61
"[""5066""",qm61,2026micmp3,33,55,0,0,0,0,260,0,0,0,0,0,0,0,0,0,0,0,0,0,0,0,0,0,0,0,0,0,0,0,0,0,0],61
"[""5066""",qm62,2026micmp3,894,5,0,0,0,0,66,0,4,10,0,0,0,0,0,0,0,0,0,0,0,0,0,0,0,0,0,0,0,0,0,0,0],62
"[""5066""",qm63,2026micmp3,7188,15,0,0,0,0,115,16,1,6,0,0,0,0,0,0,0,0,0,0,0,0,0,0,0,0,0,0,0,0,0,0,0],63
"[""548""",qm63,2026micmp3,8280,23,0,0,0,0,104,15,0,10,0,0,0,0,0,0,0,0,0,0,0,0,0,0,0,0,0,0,0,0,0,0,0],63
"[""548""",qm63,2026micmp3,5843,11,0,0,0,0,95,25,6,0,0,0,0,0,0,0,0,0,0,0,0,0,0,0,0,0,0,0,0,0,0,0,0],63
"[""5066""",qm62,2026micmp3,5712,35,0,0,0,0,145,0,0,0,0,0,0,0,0,0,0,0,0,0,0,0,0,0,0,0,0,0,0,0,0,0,0],62
"[""548""",qm63,2026micmp3,68,40,0,0,4,0,232,72,1,13,0,0,0,0,0,0,0,0,0,0,0,0,0,0,0,0,0,0,0,0,0,0,0],63
"[""548""",qm63,2026micmp3,7188,18,0,0,0,0,111,4,1,5,0,0,0,0,0,0,0,0,0,0,0,0,0,0,0,0,0,0,0,0,0,0,0],63
"[""548""",qm63,2026micmp3,6637,11,0,0,0,0,104,0,0,0,0,0,0,0,0,0,0,0,0,0,0,0,0,0,0,0,0,0,0,0,0,0,0],63
"[""548""",qm63,2026micmp3,4391,15,0,0,0,0,112,40,6,0,0,0,0,0,0,0,0,0,0,0,0,0,0,0,0,0,0,0,0,0,0,0,0],63
"[""548""",qm64,2026micmp3,5066,41,0,0,2,0,112,45,0,6,0,0,0,0,0,0,0,0,0,0,0,0,0,0,0,0,0,0,0,0,0,0,0],64
"[""548""",qm64,2026micmp3,7166,35,0,1,0,0,215,40,4,4,0,0,0,0,0,0,0,0,0,0,0,0,0,0,0,0,0,0,0,0,0,0,0],64
"[""548""",qm64,2026micmp3,3452,8,0,0,0,1,126,0,5,3,0,0,0,0,0,0,0,0,0,0,0,0,0,0,0,0,0,0,0,0,0,0,0],64
"[""548""",qm64,2026micmp3,70,0,0,1,0,0,162,0,0,5,0,0,0,0,0,0,0,0,0,0,0,0,0,0,0,0,0,0,0,0,0,0,0],64
"[""548""",qm64,2026micmp3,4779,16,0,0,0,0,111,0,0,0,0,0,0,0,0,0,0,0,0,0,0,0,0,0,0,0,0,0,0,0,0,0,0],64
"[""548""",qm64,2026micmp3,123,10,0,0,0,1,34,0,0,6,0,0,0,0,0,0,0,0,0,0,0,0,0,0,0,0,0,0,0,0,0,0,0],64
"[""5066""",qm64,2026micmp3,70,0,0,1,0,0,125,0,6,4,0,0,0,0,0,0,0,0,0,0,0,0,0,0,0,0,0,0,0,0,0,0,0],64
"[""5066""",qm63,2026micmp3,4391,15,0,0,0,0,80,0,0,0,0,0,0,0,0,0,0,0,0,0,0,0,0,0,0,0,0,0,0,0,0,0,0],63
"[""5066""",qm64,2026micmp3,7166,0,0,0,0,0,225,55,0,0,0,0,0,0,0,0,0,0,0,0,0,0,0,0,0,0,0,0,0,0,0,0,0],64
"[""5066""",qm64,2026micmp3,123,20,0,0,0,1,150,0,0,0,0,0,0,0,0,0,0,0,0,0,0,0,0,0,0,0,0,0,0,0,0,0,0],64
"[""548""",qm65,2026micmp3,4967,31,0,0,3,0,15,0,0,8,0,0,0,0,0,0,0,0,0,0,0,0,0,0,0,0,0,0,0,0,0,0,0],65
"[""548""",qm65,2026micmp3,6152,47,0,2,0,0,157,25,4,1,0,0,0,0,0,0,0,0,0,0,0,0,0,0,0,0,0,0,0,0,0,0,0],65
"[""5066""",qm65,2026micmp3,818,0,0,0,0,0,130,25,4,4,1,3,0,0,0,0,0,0,0,0,0,0,0,0,0,0,0,0,0,0,0,0,0],65
"[""548""",qm65,2026micmp3,4956,8,0,0,0,0,54,0,0,0,0,0,0,0,0,0,0,0,0,0,0,0,0,0,0,0,0,0,0,0,0,0,0],65
"[""548""",qm65,2026micmp3,7056,24,0,0,2,0,98,15,1,8,0,0,0,0,0,0,0,0,0,0,0,0,0,0,0,0,0,0,0,0,0,0,0],65
"[""548""",qm65,2026micmp3,4810,20,0,0,0,0,111,33,3,15,0,0,0,0,0,0,0,0,0,0,0,0,0,0,0,0,0,0,0,0,0,0,0],65
"[""5066""",qm65,2026micmp3,6152,45,0,0,0,0,100,0,0,0,0,0,0,0,0,0,0,0,0,0,0,0,0,0,0,0,0,0,0,0,0,0,0],65
"[""548""",qm66,2026micmp3,5675,17,0,4,0,0,76,0,6,4,0,0,0,0,0,0,0,0,0,0,0,0,0,0,0,0,0,0,0,0,0,0,0],66
"[""548""",qm66,2026micmp3,2851,17,0,0,0,0,220,55,7,0,0,0,0,0,0,0,0,0,0,0,0,0,0,0,0,0,0,0,0,0,0,0,0],66
"[""548""",qm66,2026micmp3,1711,5,0,0,0,0,0,0,3,3,0,0,0,0,0,0,0,0,0,0,0,0,0,0,0,0,0,0,0,0,0,0,Defense bot],66
"[""548""",qm66,2026micmp3,5229,4,0,0,0,0,95,20,1,0,0,0,0,0,0,0,0,0,0,0,0,0,0,0,0,0,0,0,0,0,0,0,0],66
"[""548""",qm66,2026micmp3,3322,23,0,0,2,0,63,16,0,5,0,0,0,0,0,0,0,0,0,0,0,0,0,0,0,0,0,0,0,0,0,0,0],66
"[""548""",qm67,2026micmp3,1481,35,0,2,0,0,110,0,6,0,0,0,0,0,0,0,0,0,0,0,0,0,0,0,0,0,0,0,0,0,0,0,0],67
"[""548""",qm67,2026micmp3,5086,30,0,0,0,0,130,40,1,8,0,0,0,0,0,0,0,0,0,0,0,0,0,0,0,0,0,0,0,0,0,0,0],67
"[""548""",qm67,2026micmp3,8397,8,0,0,0,0,0,0,0,0,0,0,0,0,0,0,0,0,0,0,0,0,0,0,0,0,0,0,0,0,0,0,0],67
"[""548""",qm67,2026micmp3,2137,52,0,0,0,0,154,35,2,0,0,0,0,0,0,0,0,0,0,0,0,0,0,0,0,0,0,0,0,0,0,0,0],67
"[""548""",qm67,2026micmp3,288,8,0,0,0,0,130,15,11,0,0,0,0,0,0,0,0,0,0,0,0,0,0,0,0,0,0,0,0,0,0,0,0],67
"[""5066""",qm66,2026micmp3,5675,17,0,0,0,0,95,55,0,0,0,0,0,0,0,0,0,0,0,0,0,0,0,0,0,0,0,0,0,0,0,0,0],66
"[""5066""",qm66,2026micmp3,2851,25,0,0,0,0,197,0,0,0,0,0,0,0,0,0,0,0,0,0,0,0,0,0,0,0,0,0,0,0,0,0,0],66
"[""5066""",qm66,2026micmp3,1711,6,0,0,0,0,0,0,0,0,0,0,0,0,0,0,0,0,0,0,0,0,0,0,0,0,0,0,0,0,0,0,Played some okay defense],66
"[""5066""",qm66,2026micmp3,5675,20,0,0,0,0,75,55,0,0,0,0,0,0,0,0,0,0,0,0,0,0,0,0,0,0,0,0,0,0,0,0,0],66
"[""5066""",qm66,2026micmp3,3322,14,0,0,2,0,119,55,0,2,0,0,0,0,0,0,0,0,0,0,0,0,0,0,0,0,0,0,0,0,0,0,0],66
"[""5066""",qm66,2026micmp3,5229,5,0,0,0,0,45,0,0,0,0,0,0,0,0,0,0,0,0,0,0,0,0,0,0,0,0,0,0,0,0,0,Not that good. Average at very best],66
"[""5066""",qm67,2026micmp3,8373,15,0,0,0,0,36,0,0,0,0,0,0,0,0,0,0,0,0,0,0,0,0,0,0,0,0,0,0,0,0,0,0],67
"[""548""",qm67,2026micmp3,8373,15,0,3,1,0,251,75,2,4,0,0,0,0,0,0,0,0,0,0,0,0,0,0,0,0,0,0,0,0,0,0,0],67
"[""5066""",qm67,2026micmp3,5086,30,0,0,0,0,22,25,0,0,0,0,0,0,0,0,0,0,0,0,0,0,0,0,0,0,0,0,0,0,0,0,They missed a lot of shots ],67
"[""5066""",qm67,2026micmp3,2137,40,0,0,0,0,140,0,0,0,0,0,0,0,0,0,0,0,0,0,0,0,0,0,0,0,0,0,0,0,0,0,Better than average],67
"[""5066""",qm67,2026micmp3,1481,25,15,1,0,0,70,0,0,0,0,0,0,0,0,0,0,0,0,0,0,0,0,0,0,0,0,0,0,0,0,0,"They weren't really shooting, I think there was something wrong with their bot]",67
"[""5066""",qm67,2026micmp3,8397,2,0,0,0,0,0,0,0,0,0,0,0,0,0,0,0,0,0,0,0,0,0,0,0,0,0,0,0,0,0,0,0],67
"[""5066""",qm65,2026micmp3,4956,8,0,0,0,0,42,22,1,1,0,0,0,0,0,0,0,0,0,0,0,0,0,0,0,0,0,0,0,0,0,0,"They take a while to position themselves, they would be easy to defend against]",65
"[""5066""",qm64,2026micmp3,4779,10,0,0,0,0,54,0,0,4,0,0,0,0,0,0,0,0,0,0,0,0,0,0,0,0,0,0,0,0,0,0,Very slow\n],64
"[""5066""",qm63,2026micmp3,6637,16,0,0,4,0,32,0,0,6,0,0,0,0,0,0,0,0,0,0,0,0,0,0,0,0,0,0,0,0,0,0,I»m pretty sure my robot broke],63
"[""5066""",qm62,2026micmp3,910,13,0,0,3,0,77,11,6,0,0,0,0,0,0,0,0,0,0,0,0,0,0,0,0,0,0,0,0,0,0,0,"Mid team, but very slow passing]",62
"[""5066""",qm61,2026micmp3,5229,8,0,0,0,1,62,0,4,0,0,0,0,0,0,0,0,0,0,0,0,0,0,0,0,0,0,0,0,0,0,0,"They cannot hold a lot of balls which limits them a ton, no real defense]",61
"[""548""",qm68,2026micmp3,3618,0,0,0,0,0,88,0,0,8,0,0,0,0,0,0,0,0,0,0,0,0,0,0,0,0,0,0,0,0,0,0,0],68
"[""548""",qm68,2026micmp3,7054,6,0,0,0,0,115,0,4,0,0,0,0,0,0,0,0,0,0,0,0,0,0,0,0,0,0,0,0,0,0,0,0],68
"[""548""",qm68,2026micmp3,33,19,0,2,0,0,163,14,6,0,0,0,0,0,0,0,0,0,0,0,0,0,0,0,0,0,0,0,0,0,0,0,0],68
"[""548""",qm68,2026micmp3,548,28,0,3,0,0,161,10,5,0,0,0,0,0,0,0,0,0,0,0,0,0,0,0,0,0,0,0,0,0,0,0,0],68
"[""5066""",qm68,2026micmp3,3618,6,0,0,0,0,37,0,0,0,0,0,0,0,0,0,0,0,0,0,0,0,0,0,0,0,0,0,0,0,0,0,0],68
"[""5066""",qm67,2026micmp3,2137,40,0,0,0,0,140,0,0,0,0,0,0,0,0,0,0,0,0,0,0,0,0,0,0,0,0,0,0,0,0,0,Better than average],67
"[""5066""",qm68,2026micmp3,548,25,0,2,0,0,106,0,5,1,0,0,0,0,0,0,0,0,0,0,0,0,0,0,0,0,0,0,0,0,0,0,0],68
"[""548""",qm68,2026micmp3,2960,33,0,2,1,0,97,0,4,1,0,0,0,0,0,0,0,0,0,0,0,0,0,0,0,0,0,0,0,0,0,0,0],68
"[""5066""",qm68,2026micmp3,33,40,0,1,0,0,176,0,1,0,0,0,0,0,0,0,0,0,0,0,0,0,0,0,0,0,0,0,0,0,0,0,Got stuck on bump but other than that they were very fast and accurate\n],68
"[""5066""",qm67,2026micmp3,288,2,0,0,0,0,89,20,10,0,0,0,0,0,0,0,0,0,0,0,0,0,0,0,0,0,0,0,0,0,0,0,0],67
"[""5066""",qm68,2026micmp3,8612,10,0,0,0,0,130,0,0,8,0,0,0,0,0,0,0,0,0,0,0,0,0,0,0,0,0,0,0,0,0,0,0],68
"[""548""",qm69,2026micmp3,1718,5,0,0,0,0,0,0,6,7,0,0,0,0,0,0,0,0,0,0,0,0,0,0,0,0,0,0,0,0,0,0,0],69
"[""548""",qm69,2026micmp3,7166,50,0,4,0,0,185,23,5,3,0,0,0,0,0,0,0,0,0,0,0,0,0,0,0,0,0,0,0,0,0,0,0],69
"[""548""",qm69,2026micmp3,818,6,0,0,0,1,53,50,1,7,0,0,0,0,0,0,0,0,0,0,0,0,0,0,0,0,0,0,0,0,0,0,0],69
"[""548""",qm69,2026micmp3,894,0,0,1,1,0,95,3,2,6,0,0,0,0,0,0,0,0,0,0,0,0,0,0,0,0,0,0,0,0,0,0,0],69
"[""548""",qm69,2026micmp3,6152,39,0,2,2,0,169,0,5,5,0,0,0,0,0,0,0,0,0,0,0,0,0,0,0,0,0,0,0,0,0,0,0],69
"[""5066""",qm69,2026micmp3,7166,10,0,0,0,0,96,0,0,0,0,0,0,0,0,0,0,0,0,0,0,0,0,0,0,0,0,0,0,0,0,0,0],69
"[""5066""",qm69,2026micmp3,1718,15,0,0,0,0,65,95,0,0,0,0,0,0,0,0,0,0,0,0,0,0,0,0,0,0,0,0,0,0,0,0,Really did mostly pay bot activity for most of the time],69
"[""5066""",qm69,2026micmp3,894,0,0,0,2,0,21,0,0,5,0,0,0,0,0,0,0,0,0,0,0,0,0,0,0,0,0,0,0,0,0,0,0],69
"[""5066""",qm69,2026micmp3,6152,172,0,0,0,0,0,0,0,0,0,0,0,0,0,0,0,0,0,0,0,0,0,0,0,0,0,0,0,0,0,0,Very accurate and fast\n],69
"[""548""",qm70,2026micmp3,4967,9,0,0,4,0,56,0,0,6,0,0,0,0,0,0,0,0,0,0,0,0,0,0,0,0,0,0,0,0,0,0,0],70
"[""548""",qm70,2026micmp3,1711,7,0,0,0,0,0,0,0,3,0,0,0,0,0,0,0,0,0,0,0,0,0,0,0,0,0,0,0,0,0,0,0],70
"[""548""",qm70,2026micmp3,5066,0,0,0,3,0,124,0,2,4,0,0,0,0,0,0,0,0,0,0,0,0,0,0,0,0,0,0,0,0,0,0,0],70
"[""548""",qm70,2026micmp3,4779,10,0,1,2,0,26,6,1,5,0,0,0,0,0,0,0,0,0,0,0,0,0,0,0,0,0,0,0,0,0,0,0],70
"[""548""",qm70,2026micmp3,5229,8,0,0,0,0,33,83,4,0,0,0,0,0,0,0,0,0,0,0,0,0,0,0,0,0,0,0,0,0,0,0,0],70
"[""548""",qm70,2026micmp3,8280,30,0,2,1,0,65,30,1,0,0,0,0,0,0,0,0,0,0,0,0,0,0,0,0,0,0,0,0,0,0,0,0],70
"[""5066""",qm70,2026micmp3,8280,23,0,0,0,0,60,0,0,0,0,0,0,0,0,0,0,0,0,0,0,0,0,0,0,0,0,0,0,0,0,0,Doing well than broke down],70
"[""5066""",qm70,2026micmp3,5229,3,0,0,0,0,60,0,0,0,0,0,0,0,0,0,0,0,0,0,0,0,0,0,0,0,0,0,0,0,0,0,Very accurate but not fast],70
"[""5066""",qm70,2026micmp3,5066,5,0,0,2,0,90,5,0,0,0,0,0,0,0,0,0,0,0,0,0,0,0,0,0,0,0,0,0,0,0,0,0],70
"[""5066""",qm70,2026micmp3,4967,30,10,0,0,0,90,80,0,0,0,0,0,0,0,0,0,0,0,0,0,0,0,0,0,0,0,0,0,0,0,0,0],70
"[""5066""",qm70,2026micmp3,4779,0,0,0,0,0,47,0,0,0,0,0,0,0,0,0,0,0,0,0,0,0,0,0,0,0,0,0,0,0,0,0,0],70
"[""548""",qm70,2026micmp3,1711,9,0,0,0,0,4,0,0,0,0,0,0,0,0,0,0,0,0,0,0,0,0,0,0,0,0,0,0,0,0,0,0],70
"[""548""",qm71,2026micmp3,7056,8,0,0,0,0,103,0,0,5,0,0,0,0,0,0,0,0,0,0,0,0,0,0,0,0,0,0,0,0,0,0,0],71
"[""548""",qm71,2026micmp3,5675,0,0,3,1,0,24,0,9,6,0,0,0,0,0,0,0,0,0,0,0,0,0,0,0,0,0,0,0,0,0,0,0],71
"[""548""",qm71,2026micmp3,8373,25,0,3,1,0,144,40,8,4,0,0,0,0,0,0,0,0,0,0,0,0,0,0,0,0,0,0,0,0,0,0,0],71
"[""548""",qm71,2026micmp3,2137,30,0,2,0,0,119,60,4,0,0,0,0,0,0,0,0,0,0,0,0,0,0,0,0,0,0,0,0,0,0,0,0],71
"[""5066""",qm71,2026micmp3,7056,10,0,0,0,0,52,30,0,8,0,0,0,0,0,0,0,0,0,0,0,0,0,0,0,0,0,0,0,0,0,0,0],71
"[""548""",qm71,2026micmp3,2851,37,0,1,0,0,129,31,0,0,0,0,0,0,0,0,0,0,0,0,0,0,0,0,0,0,0,0,0,0,0,0,0],71
"[""5066""",qm71,2026micmp3,7188,20,0,0,0,0,118,0,0,2,0,0,0,0,0,0,0,0,0,0,0,0,0,0,0,0,0,0,0,0,0,0,0],71
"[""548""",qm72,2026micmp3,2960,0,0,0,0,0,190,65,13,13,0,0,0,0,0,0,0,0,0,0,0,0,0,0,0,0,0,0,0,0,0,0,0],72
"[""548""",qm72,2026micmp3,4391,18,0,0,0,0,139,56,0,11,0,0,0,0,0,0,0,0,0,0,0,0,0,0,0,0,0,0,0,0,0,0,0],72
"[""5066""",qm72,2026micmp3,70,10,0,2,0,0,50,0,4,6,0,0,0,0,0,0,0,0,0,0,0,0,0,0,0,0,0,0,0,0,0,0,Missed a good chunk ],72
"[""548""",qm72,2026micmp3,5086,0,0,0,0,0,21,0,5,4,0,0,0,0,0,0,0,0,0,0,0,0,0,0,0,0,0,0,0,0,0,0,0],72
"[""548""",qm72,2026micmp3,3322,11,0,0,0,0,50,18,0,2,0,0,0,0,0,0,0,0,0,0,0,0,0,0,0,0,0,0,0,0,0,0,0],72
"[""548""",qm72,2026micmp3,548,14,0,1,0,0,131,0,2,0,0,0,0,0,0,0,0,0,0,0,0,0,0,0,0,0,0,0,0,0,0,0,0],72
"[""548""",qm72,2026micmp3,70,20,0,2,0,0,77,0,1,6,0,0,0,0,0,0,0,0,0,0,0,0,0,0,0,0,0,0,0,0,0,0,0],72
"[""5066""",qm72,2026micmp3,3322,30,0,0,0,0,135,15,0,0,0,0,0,0,0,0,0,0,0,0,0,0,0,0,0,0,0,0,0,0,0,0,0],72
"[""5066""",qm72,2026micmp3,2960,0,0,0,1,0,135,0,0,0,0,0,0,0,0,0,0,0,0,0,0,0,0,0,0,0,0,0,0,0,0,0,Failed auto],72
"[""548""",qm73,2026micmp3,7054,26,0,2,0,0,109,9,8,0,0,0,0,0,0,0,0,0,0,0,0,0,0,0,0,0,0,0,0,0,0,0,0],73
"[""5066""",qm73,2026micmp3,3618,0,0,0,1,0,31,0,2,9,0,0,0,0,0,0,0,0,0,0,0,0,0,0,0,0,0,0,0,0,0,0,Not a consistent shooter at all],73
"[""548""",qm73,2026micmp3,894,6,0,0,0,0,44,0,0,2,0,0,0,0,0,0,0,0,0,0,0,0,0,0,0,0,0,0,0,0,0,0,0],73
"[""5066""",qm73,2026micmp3,4956,10,0,0,0,0,65,0,1,3,0,0,0,0,0,0,0,0,0,0,0,0,0,0,0,0,0,0,0,0,0,0,Played defense],73
"[""548""",qm73,2026micmp3,8612,39,0,0,4,0,105,0,1,7,0,0,0,0,0,0,0,0,0,0,0,0,0,0,0,0,0,0,0,0,0,0,0],73
"[""548""",qm73,2026micmp3,288,5,0,0,0,0,66,0,7,0,0,0,0,0,0,0,0,0,0,0,0,0,0,0,0,0,0,0,0,0,0,0,0],73
"[""548""",qm73,2026micmp3,3618,0,0,0,0,0,27,0,0,6,0,0,0,0,0,0,0,0,0,0,0,0,0,0,0,0,0,0,0,0,0,0,0],73
"[""5066""",qm73,2026micmp3,288,3,0,0,0,0,95,0,0,0,0,0,0,0,0,0,0,0,0,0,0,0,0,0,0,0,0,0,0,0,0,0,0],73
"[""548""",qm74,2026micmp3,4810,-1,0,0,0,0,74,26,0,0,0,0,0,0,0,0,0,0,0,0,0,0,0,0,0,0,0,0,0,0,0,0,0],74
"[""5066""",qm74,2026micmp3,68,30,0,0,4,0,185,40,0,8,0,0,0,0,0,0,0,0,0,0,0,0,0,0,0,0,0,0,0,0,0,0,0],74
"[""548""",qm74,2026micmp3,33,61,0,3,0,0,135,0,10,0,0,0,1,1,1,1,1,1,1,1,1,1,1,1,1,1,1,1,1,1,1,1,0],74
"[""5066""",qm74,2026micmp3,8397,0,0,0,0,0,0,0,0,0,0,0,0,0,0,0,0,0,0,0,0,0,0,0,0,0,0,0,0,0,0,0,Cant tell if they broken or mot but they only played defense],74
"[""548""",qm74,2026micmp3,68,24,0,0,4,0,158,0,0,8,0,0,0,0,0,0,0,0,0,0,0,0,0,0,0,0,0,0,0,0,0,0,0],74
"[""548""",qm74,2026micmp3,6637,10,0,2,1,0,105,40,7,7,0,0,1,1,1,1,1,1,1,1,1,1,1,1,1,1,1,1,1,1,1,1,0],74
"[""5066""",qm74,2026micmp3,6637,30,0,0,2,0,155,0,0,6,0,0,0,0,0,0,0,0,0,0,0,0,0,0,0,0,0,0,0,0,0,0,0],74
"[""548""",qm74,2026micmp3,8397,0,0,0,0,1,8,0,0,4,0,0,0,0,0,0,0,0,0,0,0,0,0,0,0,0,0,0,0,0,0,0,0],74
"[""548""",qm75,2026micmp3,1718,23,0,0,0,0,3,0,1,6,0,0,0,0,0,0,0,0,0,0,0,0,0,0,0,0,0,0,0,0,0,0,0],75
"[""5066""",qm75,2026micmp3,1718,3,0,0,0,0,1,0,8,4,0,0,0,0,0,0,0,0,0,0,0,0,0,0,0,0,0,0,0,0,0,0,"Knocked a piece loose off the bot in the trench. Shooter seems to be busted, played mostly defense]",75
"[""548""",qm75,2026micmp3,1481,0,0,1,0,0,107,28,7,0,0,0,0,0,0,0,0,0,0,0,0,0,0,0,0,0,0,0,0,0,0,0,0],75
"[""5066""",qm75,2026micmp3,910,15,0,0,0,0,105,20,2,2,0,0,0,0,0,0,0,0,0,0,0,0,0,0,0,0,0,0,0,0,0,0,0],75
"[""5066""",qm75,2026micmp3,4392,0,0,0,0,0,35,0,0,0,0,0,0,0,0,0,0,0,0,0,0,0,0,0,0,0,0,0,0,0,0,0,Broken shooter making em hella inconsistent ],75
"[""548""",qm75,2026micmp3,5843,10,0,2,0,0,69,0,2,0,0,0,0,0,0,0,0,0,0,0,0,0,0,0,0,0,0,0,0,0,0,0,0],75
"[""548""",qm75,2026micmp3,4392,22,0,0,2,0,38,25,4,5,0,0,0,0,0,0,0,0,0,0,0,0,0,0,0,0,0,0,0,0,0,0,0],75
"[""548""",qm76,2026micmp3,5712,43,0,0,4,0,114,29,0,7,0,0,0,0,0,0,0,0,0,0,0,0,0,0,0,0,0,0,0,0,0,0,0],76
"[""5066""",qm76,2026micmp3,7188,0,0,0,0,0,95,0,0,0,0,0,0,0,0,0,0,0,0,0,0,0,0,0,0,0,0,0,0,0,0,0,I didn't see the auton],76
"[""5066""",qm76,2026micmp3,5675,15,0,4,0,0,55,0,4,2,0,0,0,0,0,0,0,0,0,0,0,0,0,0,0,0,0,0,0,0,0,0,0],76
"[""548""",qm76,2026micmp3,5675,23,0,2,2,0,76,14,5,7,0,0,0,0,0,0,0,0,0,0,0,0,0,0,0,0,0,0,0,0,0,0,0],76
"[""548""",qm76,2026micmp3,4779,13,0,0,0,0,78,0,0,2,0,0,0,0,0,0,0,0,0,0,0,0,0,0,0,0,0,0,0,0,0,0,0],76
"[""5066""",qm76,2026micmp3,4779,8,0,1,0,0,95,0,1,0,0,0,0,0,0,0,0,0,0,0,0,0,0,0,0,0,0,0,0,0,0,0,Pretty fast and decently accurate ],76
"[""548""",qm76,2026micmp3,548,21,0,2,0,0,124,56,5,0,0,0,0,0,0,0,0,0,0,0,0,0,0,0,0,0,0,0,0,0,0,0,0],76
"[""5066""",qm76,2026micmp3,5712,27,0,0,4,0,109,0,0,1,0,0,0,0,0,0,0,0,0,0,0,0,0,0,0,0,0,0,0,0,0,0,0],76
"[""5066""",qm70,2026micmp3,8397,3,0,0,0,1,42,0,0,2,0,0,0,0,0,0,0,0,0,0,0,0,0,0,0,0,0,0,0,0,0,0,0],70
"[""548""",qm77,2026micmp3,123,22,0,0,0,1,19,9,3,3,1,2,0,0,0,0,0,0,0,0,0,0,0,0,0,0,0,0,0,0,0,0,0],77
"[""548""",qm77,2026micmp3,4956,7,0,0,0,0,53,0,0,5,0,0,0,0,0,0,0,0,0,0,0,0,0,0,0,0,0,0,0,0,0,0,0],77
"[""548""",qm77,2026micmp3,4967,16,0,0,0,0,0,0,1,2,0,0,0,0,0,0,0,0,0,0,0,0,0,0,0,0,0,0,0,0,0,0,something was weird about the shooter],77
"[""548""",qm77,2026micmp3,2851,25,0,2,0,0,123,30,4,0,0,0,0,0,0,0,0,0,0,0,0,0,0,0,0,0,0,0,0,0,0,0,0],77
"[""5066""",qm77,2026micmp3,7054,0,20,0,0,0,90,30,0,0,0,0,0,0,0,0,0,0,0,0,0,0,0,0,0,0,0,0,0,0,0,0,They weren't great],77
"[""5066""",qm77,2026micmp3,123,13,0,0,0,1,0,18,1,1,1,2,0,0,0,0,0,0,0,0,0,0,0,0,0,0,0,0,0,0,0,0,Played defense],77
"[""5066""",qm77,2026micmp3,4967,15,0,1,0,0,55,0,0,0,0,0,0,0,0,0,0,0,0,0,0,0,0,0,0,0,0,0,0,0,0,0,Pretty fast and accurate ],77
"[""5066""",qm77,2026micmp3,2851,25,0,3,0,0,155,30,10,0,0,0,0,0,0,0,0,0,0,0,0,0,0,0,0,0,0,0,0,0,0,0,0],77
"[""548""",qm78,2026micmp3,6637,0,0,0,0,0,38,0,0,8,0,0,0,0,0,0,0,0,0,0,0,0,0,0,0,0,0,0,0,0,0,0,0],78
"[""548""",qm78,2026micmp3,8373,39,0,0,0,0,148,32,1,1,0,0,0,0,0,0,0,0,0,0,0,0,0,0,0,0,0,0,0,0,0,0,0],78
"[""548""",qm78,2026micmp3,818,10,0,0,2,0,126,0,1,8,0,0,0,0,0,0,0,0,0,0,0,0,0,0,0,0,0,0,0,0,0,0,0],78
"[""548""",qm78,2026micmp3,288,9,0,0,0,0,54,0,2,0,0,0,0,0,0,0,0,0,0,0,0,0,0,0,0,0,0,0,0,0,0,0,0],78
"[""548""",qm78,2026micmp3,5086,0,0,0,0,0,90,55,7,8,0,0,0,0,0,0,0,0,0,0,0,0,0,0,0,0,0,0,0,0,0,0,0],78
"[""548""",qm78,2026micmp3,3322,24,0,0,0,0,161,55,1,9,0,0,0,0,0,0,0,0,0,0,0,0,0,0,0,0,0,0,0,0,0,0,0],78
"[""5066""",qm78,2026micmp3,288,0,0,0,0,0,70,115,8,0,0,0,0,0,0,0,0,0,0,0,0,0,0,0,0,0,0,0,0,0,0,0,No movement in autonomous],78
"[""548""",qm79,2026micmp3,7056,8,0,0,2,0,98,0,2,4,0,0,0,0,0,0,0,0,0,0,0,0,0,0,0,0,0,0,0,0,0,0,0],79
"[""548""",qm79,2026micmp3,3452,10,0,0,2,0,87,0,8,7,0,0,0,0,0,0,0,0,0,0,0,0,0,0,0,0,0,0,0,0,0,0,0],79
"[""548""",qm79,2026micmp3,3618,0,0,0,0,0,41,0,1,1,0,0,0,0,0,0,0,0,0,0,0,0,0,0,0,0,0,0,0,0,0,0,0],79
"[""548""",qm79,2026micmp3,7166,40,25,1,3,0,180,85,10,10,0,0,0,0,0,0,0,0,0,0,0,0,0,0,0,0,0,0,0,0,0,0,0],79
"[""548""",qm79,2026micmp3,4392,25,0,1,1,0,50,86,0,2,0,0,0,0,0,0,0,0,0,0,0,0,0,0,0,0,0,0,0,0,0,0,0],79
"[""5066""",qm79,2026micmp3,3452,3,0,0,2,0,163,0,2,0,0,0,0,0,0,0,0,0,0,0,0,0,0,0,0,0,0,0,0,0,0,0,0],79
"[""548""",qm80,2026micmp3,1711,8,0,0,0,0,0,0,0,2,0,0,0,0,0,0,0,0,0,0,0,0,0,0,0,0,0,0,0,0,0,0,0],80
"[""548""",qm80,2026micmp3,1718,5,0,0,0,0,29,0,4,1,0,0,0,0,0,0,0,0,0,0,0,0,0,0,0,0,0,0,0,0,0,0,0],80
"[""548""",qm80,2026micmp3,1481,19,0,2,0,0,87,0,3,0,0,0,0,0,0,0,0,0,0,0,0,0,0,0,0,0,0,0,0,0,0,0,0],80
"[""548""",qm80,2026micmp3,8397,2,0,0,0,0,0,0,0,1,0,0,0,0,0,0,0,0,0,0,0,0,0,0,0,0,0,0,0,0,0,0,0],80
"[""5066""",qm80,2026micmp3,1718,3,0,0,0,0,10,0,3,5,0,0,0,0,0,0,0,0,0,0,0,0,0,0,0,0,0,0,0,0,0,0,Battery have died],80
"[""548""",qm81,2026micmp3,8612,8,0,0,0,0,124,6,1,2,0,0,0,0,0,0,0,0,0,0,0,0,0,0,0,0,0,0,0,0,0,0,0],81
"[""548""",qm81,2026micmp3,5712,17,0,0,2,0,124,7,0,10,0,0,0,0,0,0,0,0,0,0,0,0,0,0,0,0,0,0,0,0,0,0,0],81
"[""548""",qm81,2026micmp3,70,6,0,0,0,0,162,0,0,14,0,0,0,0,0,0,0,0,0,0,0,0,0,0,0,0,0,0,0,0,0,0,0],81
"[""548""",qm81,2026micmp3,2137,28,0,0,0,0,157,35,0,0,0,0,0,0,0,0,0,0,0,0,0,0,0,0,0,0,0,0,0,0,0,0,0],81